Population au 1er janvier par âge et année;;;;;;;;;;;;;;;;;;;;;;;;;;;;;;;;;;;;;;;;;;;;;;;;;;;;;;;;;;(p);(p);(p);;;;;;;;;;;;;;;;;;;;;;;;;;;;;;;;;;;;;;;;;;;;;;;;;
Âge au 1er janvier;1962;1963;1964;1965;1966;1967;1968;1969;1970;1971;1972;1973;1974;1975;1976;1977;1978;1979;1980;1981;1982;1983;1984;1985;1986;1987;1988;1989;1990;1991;1992;1993;1994;1995;1996;1997;1998;1999;2000;2001;2002;2003;2004;2005;2006;2007;2008;2009;2010;2011;2012;2013;2014;2015;2016;2017;2018;2019;2020;2021;2022;2023;2024;2025;2026;2027;2028;2029;2030;2031;2032;2033;2034;2035;2036;2037;2038;2039;2040;2041;2042;2043;2044;2045;2046;2047;2048;2049;2050;2051;2052;2053;2054;2055;2056;2057;2058;2059;2060;2061;2062;2063;2064;2065;2066;2067;2068;2069;2070
0;823.417;823.709;854.714;864.394;851.505;849.219;826.345;822.123;828.218;837.127;867.249;861.857;839.904;781.166;721.204;698.167;722.557;715.195;735.846;778.436;780.938;781.055;732.582;744.328;753.321;763.482;753.352;756.819;751.370;778.867;775.810;760.321;726.977;727.300;745.140;749.671;742.855;750.504;758.570;788.668;783.774;772.958;771.867;776.741;781.499;799.964;789.216;797.687;797.441;804.904;789.105;784.777;779.083;772.570;752.158;738.353;725.492;713.770;708.734;691.754;680.012;681.746;684.365;685.882;687.904;690.750;694.286;698.527;703.398;708.768;710.076;711.770;713.762;715.959;718.207;720.428;722.520;724.379;725.857;726.817;727.058;726.543;725.261;723.195;720.335;716.734;712.472;707.701;702.507;697.017;691.387;685.807;679.703;674.025;668.926;664.522;660.886;658.050;655.997;654.658;653.968;653.824;654.146;654.818;655.718;656.771;657.878;658.964;659.951
1;800.046;832.916;823.572;854.039;862.829;850.667;847.106;824.182;822.001;828.595;836.683;865.464;858.212;833.251;769.858;716.456;693.192;716.932;709.823;730.441;772.858;776.551;775.593;726.484;738.062;747.663;758.227;748.604;752.283;774.652;772.625;768.790;753.342;720.333;721.807;738.578;743.929;736.554;752.848;760.176;791.169;785.200;773.926;770.943;776.413;783.904;803.772;792.650;800.255;799.115;808.414;792.286;794.356;782.366;775.801;758.384;744.052;730.648;718.979;714.585;696.878;684.693;686.003;688.049;688.997;690.446;692.721;695.686;699.354;703.653;709.021;710.331;712.026;714.019;716.217;718.466;720.687;722.780;724.640;726.119;727.081;727.324;726.811;725.531;723.468;720.612;717.014;712.756;707.990;702.800;697.314;691.688;686.113;680.014;674.340;669.245;664.845;661.212;658.379;656.329;654.992;654.304;654.161;654.485;655.158;656.059;657.113;658.221;659.309
2;813.445;813.010;836.427;826.232;854.570;864.143;851.271;847.010;824.474;825.663;830.585;837.504;865.411;855.221;834.362;777.306;723.519;699.652;723.683;716.607;737.254;780.407;783.134;780.824;731.240;742.869;753.500;764.408;755.238;784.241;778.938;776.001;771.743;756.362;723.281;725.377;741.329;746.866;740.560;757.017;763.966;795.729;788.704;777.106;772.350;780.053;787.468;806.955;795.152;803.054;803.203;810.957;802.929;797.727;784.385;781.029;762.921;747.972;734.557;723.589;718.622;700.660;688.233;689.106;690.717;691.227;692.239;694.076;696.603;699.835;704.134;709.501;710.812;712.508;714.501;716.699;718.948;721.170;723.264;725.124;726.603;727.565;727.810;727.298;726.018;723.957;721.103;717.506;713.250;708.486;703.297;697.813;692.190;686.616;680.519;674.847;669.754;665.356;661.724;658.892;656.844;655.507;654.820;654.678;655.003;655.676;656.577;657.633;658.741
3;800.457;826.358;817.553;839.637;827.338;855.807;864.915;852.354;846.998;826.473;828.240;831.618;837.712;863.831;858.102;838.691;781.488;727.123;703.564;727.633;720.592;739.385;782.824;784.460;781.143;731.105;743.335;754.956;766.107;782.883;784.384;779.060;775.962;771.478;755.971;722.617;725.607;740.424;751.792;745.482;762.017;768.937;801.463;793.577;781.704;779.076;785.284;793.508;811.617;800.412;809.374;809.701;824.411;808.033;803.219;789.185;787.512;768.506;753.581;741.105;729.369;724.025;705.696;692.629;692.862;693.831;693.700;694.071;695.267;697.152;700.384;704.683;710.050;711.361;713.057;715.050;717.248;719.497;721.719;723.815;725.675;727.154;728.116;728.361;727.850;726.571;724.511;721.658;718.062;713.806;709.044;703.856;698.373;692.752;687.179;681.084;675.412;670.321;665.924;662.292;659.462;657.414;656.077;655.392;655.250;655.575;656.248;657.149;658.206
4;808.809;812.931;830.627;821.279;840.913;828.976;856.428;866.859;853.236;847.990;827.358;830.008;832.267;836.815;866.091;862.819;842.825;785.311;731.290;707.763;731.780;724.603;743.322;786.818;787.585;783.223;733.117;745.886;758.380;796.138;785.951;786.887;781.847;778.493;773.593;757.885;724.349;728.174;745.361;756.903;750.518;767.219;774.324;807.756;799.000;789.195;785.758;790.658;799.596;817.657;808.467;817.362;823.432;831.388;813.599;810.270;796.961;794.302;775.341;761.638;748.225;736.036;730.250;711.112;697.236;696.658;696.816;695.876;695.436;695.821;697.706;700.938;705.237;710.604;711.915;713.611;715.604;717.802;720.051;722.274;724.370;726.230;727.710;728.672;728.917;728.406;727.129;725.069;722.216;718.621;714.366;709.605;704.418;698.936;693.316;687.744;681.650;675.978;670.889;666.492;662.861;660.032;657.984;656.648;655.963;655.821;656.146;656.820;657.722
5;804.801;821.470;816.466;834.075;822.845;842.630;829.833;858.598;868.679;854.912;848.531;827.304;831.424;831.974;841.177;869.756;866.237;845.479;788.494;734.550;711.072;735.866;728.718;747.169;790.942;790.873;785.796;735.707;748.972;788.141;798.284;787.889;788.652;783.913;780.326;774.961;759.311;725.600;731.878;749.694;761.293;754.842;771.647;779.404;813.709;804.343;794.162;790.922;795.811;802.669;824.052;814.784;831.131;828.953;837.296;818.446;815.961;802.448;799.830;782.397;767.928;754.338;741.967;735.522;715.727;701.195;699.958;699.459;697.860;696.761;697.147;699.032;702.264;706.563;711.931;713.242;714.939;716.932;719.130;721.379;723.602;725.699;727.560;729.040;730.002;730.248;729.737;728.461;726.402;723.549;719.954;715.701;710.940;705.753;700.273;694.653;689.081;682.988;677.317;672.228;667.832;664.201;661.372;659.325;657.989;657.304;657.162;657.487;658.161
6;803.584;816.490;824.050;819.341;835.509;824.797;843.558;832.615;860.681;871.000;856.008;847.980;826.744;831.710;835.930;844.244;872.526;868.617;847.955;791.282;737.353;715.378;739.581;732.270;750.594;794.884;794.225;788.549;738.422;778.792;789.433;799.658;789.527;790.122;785.743;782.006;776.424;760.911;729.843;735.623;754.034;765.705;759.231;776.299;784.721;819.993;808.867;799.357;794.522;800.199;809.219;830.053;826.331;836.433;832.561;841.260;824.394;820.437;806.943;806.296;788.184;773.786;760.279;747.356;740.357;720.011;704.926;703.135;702.082;699.930;698.831;699.219;701.104;704.336;708.635;714.003;715.315;717.012;719.006;721.204;723.454;725.677;727.774;729.636;731.116;732.079;732.325;731.815;730.539;728.481;725.629;722.034;717.781;713.022;707.835;702.355;696.736;691.164;685.072;679.402;674.313;669.917;666.286;663.458;661.411;660.075;659.390;659.248;659.574
7;806.396;815.450;818.720;826.119;820.492;837.322;825.866;845.885;835.325;863.181;873.090;856.330;847.195;825.397;831.310;838.412;846.428;874.228;870.755;849.943;793.531;740.594;718.052;741.531;734.208;752.673;797.668;796.638;790.345;766.775;780.258;789.829;800.429;790.266;790.675;786.602;782.806;776.998;765.253;734.101;739.462;758.369;770.083;763.753;780.444;789.908;824.039;812.052;802.911;797.806;805.310;813.807;841.934;831.909;840.059;835.867;848.053;828.948;825.009;813.727;812.433;794.524;780.330;766.293;752.839;745.307;724.432;708.817;706.493;704.908;702.758;701.659;702.048;703.934;707.166;711.465;716.833;718.146;719.843;721.837;724.036;726.287;728.510;730.607;732.470;733.951;734.914;735.160;734.651;733.375;731.318;728.467;724.872;720.619;715.861;710.674;705.194;699.577;694.005;687.913;682.244;677.155;672.759;669.128;666.302;664.255;662.919;662.234;662.092
8;794.688;818.190;817.897;820.521;826.914;821.989;838.284;829.446;848.201;838.419;865.556;874.452;856.426;845.664;835.706;833.462;840.012;847.565;875.707;872.401;851.434;795.735;743.060;719.793;742.619;735.469;754.240;800.101;798.661;818.733;768.795;782.258;791.186;801.959;791.894;792.182;788.943;785.120;780.921;769.705;738.440;743.482;762.752;774.641;767.990;785.036;794.188;828.328;815.671;805.939;803.473;810.699;824.856;847.200;834.691;843.212;839.274;851.076;831.958;830.361;818.728;817.995;800.645;786.201;771.915;758.212;750.430;729.306;713.441;710.867;709.282;707.133;706.034;706.425;708.311;711.543;715.842;721.211;722.524;724.221;726.217;728.416;730.667;732.890;734.988;736.851;738.333;739.297;739.543;739.034;737.758;735.703;732.852;729.257;725.004;720.247;715.060;709.580;703.964;698.393;692.301;686.632;681.543;677.148;673.517;670.691;668.644;667.309;666.624
9;811.464;806.212;821.539;819.843;821.254;827.956;822.769;841.147;832.821;850.626;841.105;866.891;875.213;855.418;856.664;837.511;834.781;840.614;848.464;876.733;873.566;852.680;797.344;744.793;720.894;743.306;736.573;755.717;802.476;827.284;820.306;770.816;784.569;792.777;803.685;793.730;794.169;791.794;790.378;784.710;774.069;742.734;747.472;767.360;778.521;772.516;787.989;796.781;832.071;819.244;810.446;807.595;822.221;828.728;849.205;835.737;846.989;841.464;853.247;836.626;834.854;824.020;824.079;806.650;792.127;777.764;763.982;756.122;734.920;718.975;716.402;714.818;712.669;711.572;711.963;713.850;717.082;721.381;726.750;728.064;729.762;731.758;733.958;736.209;738.432;740.531;742.394;743.877;744.841;745.088;744.579;743.303;741.249;738.399;734.804;730.551;725.794;720.608;715.128;709.512;703.941;697.850;692.182;687.093;682.698;679.067;676.242;674.195;672.860
10;806.152;823.994;810.127;824.181;820.599;822.181;828.478;825.812;843.946;836.431;852.836;843.069;867.913;875.217;861.272;858.323;838.671;835.324;841.204;849.108;877.476;875.311;854.160;799.048;746.683;722.398;744.565;738.271;757.842;829.313;827.335;819.394;770.664;784.550;792.039;803.295;793.208;794.180;798.178;795.699;788.796;778.677;747.250;751.857;771.252;782.840;776.683;790.682;799.270;836.479;822.656;813.800;818.077;826.460;830.718;849.930;838.100;848.630;843.065;857.412;840.654;839.759;829.811;829.850;812.402;797.860;783.476;769.675;761.795;740.574;724.631;722.059;720.475;718.328;717.231;717.622;719.510;722.742;727.042;732.412;733.726;735.424;737.421;739.621;741.872;744.097;746.196;748.059;749.543;750.507;750.754;750.247;748.971;746.917;744.067;740.472;736.220;731.463;726.277;720.797;715.182;709.611;703.520;697.853;692.765;688.370;684.739;681.914;679.867
11;839.162;818.504;828.374;813.282;825.315;821.604;822.631;831.291;828.803;846.878;839.958;854.532;844.900;868.470;877.023;863.155;859.789;839.560;836.232;841.901;849.879;879.613;877.029;855.467;800.638;748.621;724.008;746.062;740.224;784.677;829.869;827.882;819.360;771.147;785.160;792.010;803.820;794.719;801.593;804.110;800.777;792.874;783.222;751.941;755.459;776.733;785.817;779.765;793.808;800.233;841.365;827.209;823.106;822.418;827.428;830.335;850.675;838.529;849.067;846.079;860.411;844.668;844.787;834.933;835.066;817.713;803.265;788.976;775.269;767.483;746.264;730.322;727.752;726.168;724.022;722.925;723.318;725.206;728.438;732.738;738.109;739.423;741.121;743.120;745.320;747.571;749.797;751.896;753.759;755.245;756.209;756.456;755.949;754.673;752.620;749.770;746.175;741.924;737.168;731.982;726.502;720.887;715.317;709.226;703.559;698.471;694.078;690.447;687.622
12;842.753;851.581;823.166;831.860;814.571;826.681;822.094;825.507;833.956;832.060;849.828;842.903;856.024;846.239;871.331;879.313;865.247;861.340;841.133;837.643;843.118;853.009;881.151;877.993;856.076;801.685;750.103;725.320;747.303;767.646;787.549;831.980;830.052;820.604;772.667;786.686;792.915;805.266;801.016;808.567;809.881;805.796;797.018;787.996;755.908;759.728;780.619;788.706;782.030;795.111;803.013;844.269;838.243;825.721;824.507;828.058;833.975;852.772;840.623;853.732;850.552;865.723;850.819;850.858;840.923;840.975;823.543;809.013;794.644;780.858;773.073;751.856;735.916;733.347;731.764;729.619;728.522;728.915;730.805;734.037;738.337;743.709;745.023;746.721;748.722;750.922;753.173;755.400;757.499;759.362;760.849;761.814;762.061;761.554;760.278;758.226;755.376;751.781;747.530;742.775;737.589;732.109;726.495;720.926;714.835;709.168;704.081;699.688;696.057
13;844.376;855.272;856.356;826.868;833.297;816.186;827.382;824.413;828.311;836.661;835.165;852.314;845.702;857.107;845.772;874.154;881.949;867.581;863.736;843.378;839.677;846.118;856.001;882.410;878.764;856.675;802.918;751.844;726.889;774.950;769.346;789.414;833.505;831.481;821.253;773.849;788.062;794.485;810.776;806.679;815.068;815.317;810.551;801.258;791.896;759.034;762.701;784.448;791.632;784.232;798.505;806.407;853.896;841.654;827.313;825.179;829.918;835.280;854.064;844.444;857.521;855.339;871.497;856.665;856.774;846.912;847.035;829.676;815.217;800.920;787.136;779.353;758.139;742.200;739.632;738.050;735.906;734.810;735.203;737.094;740.327;744.628;750.000;751.314;753.013;755.015;757.215;759.467;761.694;763.793;765.658;767.145;768.110;768.357;767.851;766.575;764.523;761.673;758.079;753.829;749.074;743.889;738.409;732.795;727.227;721.136;715.469;710.384;705.991
14;838.827;857.235;859.164;860.090;828.366;835.070;816.946;828.396;826.614;831.281;839.475;837.889;854.763;848.220;861.995;848.780;876.876;884.407;870.305;866.301;845.728;842.071;849.465;859.225;883.946;879.966;857.832;804.727;754.247;755.812;777.411;771.458;791.813;835.246;833.117;822.098;775.212;790.102;799.479;816.517;812.452;821.612;820.977;816.156;805.084;795.878;760.649;765.452;787.164;793.889;787.112;802.983;816.170;857.881;843.939;830.133;828.289;832.561;837.910;859.144;849.391;863.372;862.086;878.227;863.379;863.471;853.594;853.700;836.326;821.852;807.557;793.776;785.994;764.783;748.847;746.280;744.698;742.556;741.461;741.855;743.747;746.980;751.281;756.654;757.969;759.669;761.671;763.872;766.125;768.353;770.452;772.317;773.805;774.770;775.017;774.512;773.236;771.185;768.336;764.742;760.492;755.738;750.553;745.073;739.460;733.893;727.803;722.136;717.051
15;802.691;852.932;862.230;862.134;861.499;830.110;835.804;815.615;829.397;828.959;834.185;841.980;840.560;856.985;847.759;864.238;850.995;878.713;886.481;872.445;868.297;848.435;845.769;853.912;863.582;886.882;882.680;860.621;808.341;783.287;758.007;779.599;773.613;794.063;836.906;834.721;823.367;777.519;792.074;804.175;821.961;818.129;827.595;826.636;820.788;809.450;798.274;764.652;769.041;789.972;797.720;790.435;813.228;821.086;859.485;847.851;835.174;831.671;835.919;843.717;864.640;855.674;870.444;869.048;885.079;870.123;870.107;860.121;860.118;842.636;828.165;813.873;800.095;792.316;771.109;755.176;752.610;751.029;748.888;747.795;748.190;750.084;753.317;757.619;762.992;764.309;766.010;768.012;770.215;772.469;774.697;776.797;778.663;780.151;781.116;781.365;780.860;779.584;777.534;774.686;771.093;766.843;762.091;756.906;751.427;745.815;740.248;734.160;728.493
16;604.366;816.487;856.795;866.115;863.136;863.190;830.885;832.805;814.991;830.644;831.289;837.048;844.785;843.117;859.110;849.122;865.525;852.035;879.879;887.694;873.729;872.013;852.222;850.283;859.101;869.004;890.793;886.548;864.683;837.972;784.420;760.415;782.261;776.225;796.695;839.199;837.594;826.325;778.775;794.194;809.064;827.744;823.039;834.202;832.210;827.475;817.683;808.313;775.974;776.716;792.542;799.537;798.220;816.586;823.388;860.026;848.138;836.080;832.533;839.171;846.559;868.219;860.009;874.688;873.202;889.141;874.097;873.992;863.918;863.826;846.348;831.881;817.593;803.818;796.042;774.840;758.910;756.346;754.768;752.628;751.537;751.933;753.828;757.063;761.365;766.739;768.058;769.760;771.763;773.967;776.222;778.451;780.551;782.417;783.906;784.872;785.122;784.618;783.343;781.294;778.447;774.855;770.607;765.856;760.672;755.194;749.584;744.018;737.931
17;596.917;616.923;818.246;859.737;867.504;864.405;863.864;827.313;831.477;818.797;834.045;834.440;840.455;847.696;843.084;859.751;849.735;865.710;852.534;880.394;888.336;876.897;874.722;854.773;853.391;863.126;873.094;893.686;889.413;895.747;838.340;785.376;762.420;783.691;776.672;797.448;839.608;838.812;826.671;780.383;796.928;814.739;832.814;829.375;840.368;835.512;833.072;822.443;814.974;779.260;771.630;791.961;804.316;797.918;814.774;814.352;858.302;843.829;831.724;830.450;836.689;844.807;867.202;858.972;873.626;872.120;888.034;872.971;872.844;862.749;862.660;845.187;830.725;816.443;802.672;794.899;773.703;757.778;755.216;753.641;751.502;750.414;750.811;752.709;755.945;760.248;765.623;766.944;768.647;770.652;772.857;775.114;777.344;779.445;781.313;782.803;783.770;784.022;783.519;782.246;780.199;777.354;773.763;769.517;764.767;759.586;754.109;748.501;742.937
18;591.149;613.902;619.829;819.448;860.593;869.226;864.732;862.214;827.813;836.133;821.489;836.176;837.443;843.538;848.116;842.646;858.912;848.514;864.693;851.804;879.676;888.951;877.367;874.704;854.417;853.963;864.544;874.864;894.176;917.740;893.472;836.498;783.706;761.519;782.174;775.010;796.149;838.313;836.201;826.389;781.410;799.143;819.419;838.742;835.406;841.448;835.303;832.202;822.614;814.184;764.548;768.179;792.026;799.523;787.720;804.223;806.230;848.554;833.991;823.756;822.020;828.952;837.772;860.306;852.221;867.017;865.655;881.710;866.795;866.811;856.721;856.636;839.170;824.713;810.438;796.671;788.903;767.713;751.794;749.235;747.662;745.526;744.441;744.840;746.740;749.978;754.282;759.658;760.981;762.686;764.693;766.900;769.158;771.390;773.492;775.363;776.854;777.822;778.076;777.575;776.304;774.259;771.416;767.827;763.583;758.835;753.656;748.181;742.576
19;548.258;610.851;615.551;622.074;819.523;861.705;869.755;863.510;862.319;830.117;837.942;822.107;839.162;841.029;843.345;847.281;841.470;857.023;846.845;863.261;850.710;878.068;887.120;875.535;872.185;851.767;852.120;863.739;874.275;918.733;912.391;888.828;832.183;778.866;757.293;777.992;770.338;792.171;834.473;832.267;824.526;780.652;800.619;823.114;843.031;832.710;837.341;831.747;828.981;817.195;796.959;759.280;766.759;784.460;789.885;774.518;792.641;794.676;836.943;824.021;813.078;811.818;819.213;828.039;850.574;842.500;857.299;855.946;872.004;857.101;857.121;847.037;846.957;829.498;815.048;800.780;787.020;779.257;758.075;742.161;739.606;738.036;735.904;734.821;735.223;737.125;740.366;744.671;750.048;751.374;753.081;755.089;757.299;759.558;761.793;763.897;765.769;767.263;768.232;768.489;767.989;766.721;764.678;761.838;758.250;754.009;749.264;744.087;738.614
20;494.096;568.652;611.854;616.804;622.654;819.778;861.960;868.971;863.461;864.071;830.670;839.202;825.704;844.492;843.468;842.595;846.277;839.666;855.247;845.495;862.210;848.755;875.514;884.182;872.618;868.672;848.234;849.658;862.420;894.474;912.153;906.434;882.563;826.528;772.493;752.054;772.781;765.111;785.606;829.717;827.270;821.432;779.165;799.579;825.335;834.316;824.129;828.404;821.972;819.269;798.459;789.415;754.257;755.831;772.006;774.570;762.592;779.374;781.418;825.068;811.421;800.951;800.168;807.689;816.641;839.298;831.356;846.280;845.055;861.238;846.343;846.367;836.290;836.215;818.764;804.322;790.061;776.308;768.551;747.377;731.470;728.919;727.352;725.224;724.144;724.549;726.453;729.696;734.003;739.381;740.710;742.419;744.429;746.642;748.902;751.140;753.246;755.120;756.616;757.587;757.847;757.348;756.083;754.042;751.205;747.620;743.381;738.639;733.465
21;523.929;512.529;571.307;612.517;616.897;623.447;819.370;863.070;869.558;867.143;868.451;834.459;846.161;832.655;845.335;842.858;841.690;844.614;838.115;853.823;844.729;859.455;846.359;872.594;880.863;869.286;864.886;844.526;847.140;883.219;888.303;907.023;900.955;876.446;821.227;767.755;747.010;767.777;759.963;780.149;825.910;823.234;818.914;777.742;800.342;813.335;820.494;811.658;814.478;805.906;805.820;790.644;783.601;745.209;744.276;760.823;763.002;751.153;767.958;771.160;813.784;800.401;790.193;789.401;796.908;805.848;828.488;820.539;835.449;834.214;850.397;835.511;835.539;825.470;825.399;807.957;793.524;779.270;765.524;757.773;736.608;720.708;718.161;716.597;714.473;713.396;713.804;715.711;718.955;723.265;728.644;729.975;731.687;733.699;735.915;738.177;740.417;742.525;744.401;745.899;746.872;747.135;746.639;745.376;743.338;740.503;736.921;732.685;727.945
22;577.085;541.321;516.715;573.248;612.382;617.160;623.521;823.118;867.629;876.973;874.540;875.046;843.863;854.678;834.500;844.828;841.750;839.728;842.981;836.816;852.902;843.579;856.519;843.573;869.266;877.169;865.774;861.124;841.045;867.130;876.598;881.468;900.475;894.036;869.860;815.974;763.209;742.606;763.779;756.257;776.214;823.444;820.327;817.585;778.799;791.668;804.665;810.416;799.843;802.488;797.412;797.102;784.996;773.894;735.783;732.987;750.666;752.737;740.924;758.647;760.820;803.684;790.551;780.370;779.603;787.129;796.090;818.746;810.821;825.750;824.520;840.703;825.826;825.858;815.797;815.730;798.297;783.871;769.625;755.886;748.141;726.985;711.092;708.548;706.988;704.868;703.794;704.205;706.114;709.360;713.673;719.053;720.386;722.101;724.115;726.333;728.597;730.840;732.949;734.827;736.328;737.302;737.568;737.074;735.814;733.779;730.946;727.367;723.134
23;576.818;592.861;547.875;519.947;573.778;612.362;616.917;626.469;828.385;874.570;882.013;878.724;881.782;846.159;848.489;834.188;843.809;839.711;838.022;841.695;836.082;851.901;843.448;854.395;841.631;866.851;874.641;863.583;858.781;863.325;862.619;872.296;876.042;894.853;888.781;864.901;812.532;761.790;740.249;761.609;754.566;774.113;822.466;819.381;819.351;772.885;785.990;798.554;802.639;791.039;795.600;788.149;791.670;775.005;763.141;726.345;726.723;741.859;743.990;732.962;749.748;752.190;795.298;782.241;772.136;771.442;779.035;788.066;810.786;802.934;817.863;816.638;832.821;817.953;817.988;807.935;807.873;790.448;776.031;761.792;748.060;740.320;719.173;703.287;700.747;699.190;697.074;696.003;696.416;698.328;701.576;705.891;711.273;712.608;714.325;716.341;718.562;720.828;723.072;725.184;727.063;728.567;729.543;729.811;729.319;728.062;726.029;723.199;719.623
24;583.287;594.462;596.917;553.061;521.193;574.574;612.012;621.486;632.919;837.354;880.534;886.645;882.807;882.180;845.851;849.127;834.285;842.676;838.715;837.432;841.914;835.685;851.349;843.660;852.637;840.177;865.064;872.901;862.366;883.878;860.210;859.946;868.067;870.503;889.757;884.255;860.755;811.055;760.232;739.425;761.330;754.334;773.276;822.852;821.101;816.866;768.387;781.890;791.949;795.880;787.798;789.949;786.504;785.504;768.448;755.511;723.826;721.202;736.381;739.197;727.205;744.095;746.643;789.671;776.553;766.390;765.632;773.156;782.120;804.768;796.924;811.853;810.632;826.815;811.956;811.995;801.949;801.893;784.475;770.067;755.836;742.111;734.377;713.238;697.359;694.823;693.270;691.156;690.089;690.505;692.419;695.669;699.986;705.369;706.706;708.426;710.444;712.668;714.935;717.182;719.296;721.176;722.683;723.661;723.931;723.441;722.187;720.156;717.329
25;597.596;601.013;597.614;600.059;555.154;522.706;574.769;615.982;627.466;638.962;842.405;884.854;891.687;884.093;877.899;846.794;849.757;833.933;842.372;838.538;838.011;843.351;837.164;852.654;845.687;852.807;840.865;865.525;873.657;888.322;882.493;859.040;857.398;864.037;866.199;886.143;881.489;858.871;809.281;760.011;740.070;762.145;755.002;773.643;825.585;819.656;814.404;766.315;779.552;788.523;794.813;784.457;790.998;783.610;780.243;762.982;752.868;719.368;716.793;732.521;734.628;722.841;739.924;742.519;785.580;772.516;762.404;761.695;769.265;778.274;800.920;793.083;808.011;806.796;822.979;808.130;808.173;798.134;798.083;780.674;766.274;752.052;738.334;730.606;709.475;693.604;691.072;689.523;687.412;686.348;686.767;688.683;691.936;696.255;701.639;702.979;704.701;706.722;708.948;711.216;713.466;715.582;717.464;718.973;719.954;720.226;719.739;718.487;716.459
26;600.545;614.715;604.334;599.984;601.122;557.732;523.420;577.229;620.807;632.279;641.751;844.908;888.001;892.068;884.445;879.835;848.620;850.799;835.261;843.727;840.366;841.169;845.983;839.706;855.122;849.241;854.422;843.319;868.081;902.782;889.500;885.110;859.649;856.447;862.832;864.764;885.654;882.211;858.409;809.276;761.662;742.212;764.149;756.878;776.367;826.808;818.502;813.592;766.007;780.835;789.183;793.869;787.245;788.543;781.423;775.318;763.291;750.586;717.091;715.066;730.233;732.550;720.985;738.140;740.814;783.936;770.956;760.926;760.297;767.942;776.953;799.596;791.767;806.695;805.486;821.669;806.829;806.876;796.846;796.799;779.400;765.009;750.796;737.085;729.363;708.241;692.378;689.850;688.305;686.198;685.138;685.559;687.478;690.733;695.055;700.440;701.782;703.507;705.530;707.759;710.029;712.282;714.399;716.283;717.795;718.778;719.053;718.568;717.319
27;632.949;616.977;617.929;606.896;600.777;602.504;558.985;525.045;581.619;625.497;635.111;643.312;846.902;888.293;889.289;886.782;882.109;850.422;853.109;837.813;846.646;842.993;843.411;847.687;841.301;856.879;852.141;855.729;845.574;897.572;905.856;892.296;886.892;859.602;855.818;862.008;864.022;885.958;883.053;859.901;811.198;764.637;745.566;767.272;760.655;779.481;827.788;820.353;814.566;767.209;783.488;789.535;799.069;789.550;788.485;781.645;781.061;765.315;752.598;719.576;716.954;732.164;734.533;722.902;739.977;742.577;785.609;772.562;762.464;761.763;769.410;778.423;801.063;793.242;808.170;806.967;823.150;808.320;808.372;798.350;798.309;780.919;766.538;752.334;738.630;730.915;709.803;693.948;691.424;689.883;687.780;686.724;687.148;689.070;692.327;696.651;702.038;703.383;705.110;707.136;709.367;711.640;713.895;716.015;717.901;719.416;720.401;720.678;720.196
28;625.985;648.792;619.318;620.335;607.738;601.750;603.016;560.461;528.639;585.506;628.489;637.235;644.986;847.202;885.430;891.412;888.784;883.727;852.820;855.929;841.243;848.827;845.283;845.227;849.054;843.004;858.633;855.405;857.460;873.100;899.325;908.436;892.977;887.037;859.193;855.014;861.865;864.113;887.023;885.777;863.401;814.793;769.044;750.047;771.817;764.096;782.926;830.846;822.521;818.185;770.979;785.827;796.841;801.658;792.873;792.103;786.604;785.052;769.229;756.910;723.463;720.936;736.247;738.610;726.979;744.041;746.634;789.643;776.596;766.499;765.803;773.453;782.467;805.104;797.291;812.219;811.022;827.204;812.385;812.442;802.428;802.393;785.013;770.641;756.447;742.751;735.042;713.941;698.095;695.575;694.038;691.939;690.887;691.313;693.239;696.498;700.824;706.213;707.561;709.290;711.319;713.552;715.828;718.085;720.208;722.096;723.613;724.601;724.880
29;657.670;641.335;650.321;621.080;621.088;608.833;602.064;603.849;563.123;532.224;588.456;630.848;639.696;644.743;848.262;886.948;892.907;889.963;885.696;855.404;859.279;843.383;851.045;847.546;847.101;850.789;844.872;860.967;859.348;886.111;877.358;904.089;912.031;894.612;888.668;860.137;855.923;862.934;868.065;889.925;890.540;868.545;819.999;774.872;755.922;777.504;768.231;787.017;834.463;826.810;823.177;775.980;793.211;803.095;806.513;796.141;800.049;791.972;790.423;774.944;762.233;728.868;726.414;741.682;744.010;732.348;749.369;751.926;794.881;781.805;771.719;771.029;778.681;787.697;810.330;802.525;817.453;816.262;832.444;817.636;817.698;807.693;807.662;790.293;775.930;761.745;748.058;740.355;719.265;703.427;700.912;699.379;697.284;696.236;696.665;698.593;701.855;706.183;711.573;712.925;714.657;716.688;718.924;721.201;723.461;725.586;727.477;728.997;729.987
30;655.378;672.983;643.322;651.339;621.487;622.072;609.176;604.000;606.856;566.308;534.760;591.003;633.582;640.609;650.903;848.627;887.040;892.727;890.443;886.885;857.549;861.864;845.199;852.936;849.580;849.092;852.504;847.110;863.721;885.804;888.413;880.395;906.251;913.942;895.967;890.694;862.355;858.563;866.912;872.943;894.094;896.045;874.688;825.472;780.510;761.326;782.502;771.965;791.262;840.029;831.804;827.462;784.796;798.684;806.531;812.060;803.634;805.545;797.541;796.258;780.459;767.845;734.580;732.111;747.354;749.664;737.989;754.985;757.523;800.441;787.377;777.302;776.618;784.273;793.290;815.920;808.124;823.051;821.866;838.048;823.250;823.318;813.322;813.297;795.937;781.585;767.409;753.730;746.034;724.954;709.125;706.615;705.086;702.995;701.951;702.383;704.313;707.578;711.908;717.300;718.655;720.390;722.424;724.662;726.942;729.204;731.332;733.225;734.747
31;678.228;669.661;675.180;644.760;651.431;622.025;622.373;611.068;607.782;610.099;568.764;537.005;594.065;634.894;641.988;650.718;847.793;885.636;892.059;890.493;887.922;858.429;863.707;846.280;854.131;851.242;850.622;853.944;849.177;889.501;888.459;891.607;882.617;907.826;915.702;896.807;892.490;863.476;863.700;871.204;878.670;898.655;902.056;880.614;830.120;787.624;766.217;786.403;776.300;796.528;845.440;837.292;835.563;790.672;801.607;811.651;819.084;808.667;810.499;802.788;801.263;785.591;773.100;739.877;737.436;752.695;755.029;743.384;760.395;762.956;805.860;792.808;782.744;782.067;789.725;798.743;821.370;813.583;828.509;827.331;843.513;828.726;828.799;818.812;818.793;801.445;787.102;772.936;759.266;751.577;730.508;714.688;712.183;710.658;708.572;707.532;707.967;709.900;713.168;717.500;722.894;724.252;725.990;728.027;730.268;732.551;734.815;736.946;738.842
32;648.858;693.411;671.916;676.783;644.899;651.553;622.037;624.685;614.663;611.248;611.798;570.287;539.309;594.780;634.117;641.577;649.822;845.992;884.317;891.348;890.629;889.146;858.078;864.258;846.226;854.515;851.853;851.425;854.778;872.561;891.193;890.182;892.506;882.792;907.983;916.387;897.099;893.527;867.696;868.426;875.486;883.988;903.071;907.170;884.777;836.978;792.563;769.344;790.203;782.213;801.617;851.011;845.833;841.113;793.664;806.139;818.746;824.003;813.563;815.670;807.724;806.270;790.693;778.212;745.010;742.571;757.822;760.155;748.517;765.521;768.086;810.975;797.936;787.884;787.214;794.874;803.895;826.518;818.740;833.666;832.495;848.677;833.902;833.979;824.003;823.989;806.653;792.321;778.165;764.504;756.823;735.765;719.955;717.454;715.934;713.852;712.817;713.255;715.192;718.463;722.797;728.193;729.554;731.295;733.335;735.579;737.865;740.132;742.265
33;657.179;661.894;696.351;673.514;676.945;645.196;651.248;624.264;628.381;617.810;613.083;612.253;571.581;539.037;590.420;633.573;640.663;648.243;844.425;883.044;890.902;890.428;890.040;857.373;864.524;845.960;854.902;852.644;852.412;877.488;873.751;893.080;890.701;892.750;882.500;907.987;917.107;897.267;897.328;871.696;872.862;879.096;888.669;906.625;910.743;889.446;842.053;796.612;772.556;794.416;788.319;806.829;859.789;849.926;844.157;797.964;812.793;823.359;828.635;818.399;820.293;812.438;811.070;795.507;783.037;749.859;747.426;762.671;765.007;753.379;770.381;772.951;815.825;802.799;792.759;792.096;799.758;808.781;831.401;823.632;838.558;837.394;853.577;838.814;838.896;828.930;828.923;811.599;797.277;783.132;769.480;761.807;740.761;724.960;722.465;720.950;718.872;717.841;718.283;720.224;723.498;727.834;733.232;734.596;736.341;738.384;740.630;742.919;745.190
34;650.500;669.336;664.537;698.522;673.473;677.283;644.941;652.928;627.894;631.656;619.118;613.550;612.422;569.859;538.856;589.663;632.695;639.208;647.006;843.023;882.177;890.296;889.195;889.800;855.689;864.090;845.150;854.619;852.800;874.478;878.774;874.920;893.862;890.166;892.250;881.752;907.764;917.133;899.909;900.762;875.532;876.859;882.331;892.452;908.649;915.888;893.013;845.567;800.706;777.565;799.166;793.651;814.889;863.650;852.875;848.473;803.213;816.986;827.524;832.977;822.618;824.650;816.923;815.598;800.088;787.669;754.553;752.166;767.444;769.820;758.205;775.205;777.780;820.639;807.626;797.599;796.943;804.608;813.634;836.250;828.492;843.416;842.260;858.443;843.692;843.780;833.825;833.825;816.513;802.202;788.068;774.426;766.761;745.727;729.937;727.447;725.938;723.864;722.838;723.284;725.228;728.506;732.844;738.244;739.612;741.360;743.406;745.655;747.947
35;657.439;662.502;671.618;666.339;698.786;673.662;677.016;646.265;655.569;630.514;632.659;618.743;613.467;609.668;562.681;538.059;588.743;631.526;638.280;646.088;842.217;881.182;889.674;888.033;889.659;854.258;863.821;844.524;854.625;873.992;875.303;879.890;875.064;893.795;889.044;891.717;881.293;907.210;919.075;902.586;903.794;878.937;880.400;884.805;894.840;915.109;918.974;895.901;849.813;803.187;781.258;802.699;801.341;818.906;866.018;859.337;853.935;808.014;821.750;832.461;837.702;827.397;829.471;821.720;820.361;804.830;792.387;759.258;756.840;772.075;774.458;762.857;779.855;782.435;825.278;812.279;802.265;801.617;809.285;818.314;840.925;833.178;848.101;846.953;863.136;848.399;848.492;838.549;838.556;821.257;806.957;792.836;779.204;771.547;750.527;734.747;732.263;730.759;728.690;727.670;728.120;730.067;733.348;737.689;743.092;744.463;746.215;748.263;750.516
36;658.463;669.491;664.549;673.091;666.428;699.247;673.183;677.883;648.656;657.334;631.370;632.184;617.743;610.880;609.700;562.167;537.509;587.941;631.190;638.013;645.974;841.644;880.449;889.310;887.065;889.951;853.235;864.138;844.537;876.067;874.545;876.577;880.539;874.891;893.630;887.971;891.543;880.601;909.543;920.768;905.095;906.666;882.152;883.337;885.969;898.649;918.196;923.267;898.658;852.553;806.143;785.215;810.557;803.924;822.479;869.966;863.868;857.949;812.085;825.974;836.537;841.870;831.657;833.741;826.006;824.659;809.149;796.725;763.627;761.221;776.453;778.843;767.257;784.253;786.839;829.665;816.681;806.681;806.041;813.712;822.744;845.350;837.615;852.538;851.397;867.580;852.858;852.957;843.026;843.040;825.755;811.468;797.359;783.739;776.090;755.084;739.316;736.838;735.340;733.276;732.261;732.716;734.666;737.951;742.295;747.700;749.075;750.831;752.882
37;648.292;669.983;671.073;665.870;672.918;666.747;698.935;674.464;679.662;650.361;657.504;630.704;631.223;614.716;609.224;609.133;561.581;536.762;587.576;631.069;638.228;644.967;840.621;879.252;888.440;885.750;889.818;851.800;864.176;864.293;876.266;874.046;875.700;879.409;873.044;891.842;885.464;889.527;882.492;911.693;922.341;907.332;909.266;884.748;884.846;891.524;904.092;922.932;926.923;903.023;857.139;810.968;792.285;814.388;808.590;827.267;876.799;869.269;863.375;817.778;831.276;841.691;846.894;836.492;838.376;830.448;828.902;813.204;800.590;767.315;764.921;780.150;782.548;770.978;787.972;790.564;833.371;820.404;810.419;809.787;817.462;826.496;849.098;841.376;856.298;855.165;871.348;856.642;856.748;846.829;846.850;829.580;815.307;801.211;787.603;779.964;758.972;743.216;740.745;739.253;737.195;736.186;736.645;738.599;741.887;746.235;751.643;753.022;754.782
38;651.450;659.009;671.109;672.065;665.539;672.882;666.275;698.917;676.748;681.047;650.721;656.591;629.920;628.454;615.078;608.681;608.403;560.839;536.392;587.532;631.475;637.235;644.023;839.589;878.186;887.804;884.744;890.092;850.683;882.445;864.030;876.413;873.240;874.651;878.401;871.594;890.727;883.310;890.819;884.335;913.711;923.900;909.649;911.550;886.446;887.722;893.241;906.387;925.216;929.801;906.869;859.368;816.791;795.354;815.883;810.095;829.994;878.636;871.076;865.383;819.760;833.397;843.975;849.279;838.990;840.977;833.160;831.718;816.135;803.635;770.394;768.013;783.239;785.645;774.092;791.083;793.682;836.469;823.521;813.551;812.928;820.607;829.644;852.241;844.532;859.454;858.330;874.513;859.823;859.936;850.030;850.059;832.805;818.546;804.463;790.868;783.240;762.263;746.520;744.056;742.570;740.518;739.515;739.979;741.938;745.230;749.581;754.991;756.375
39;654.757;661.539;659.310;671.563;671.426;665.398;672.159;666.308;699.663;678.444;680.923;649.912;655.554;627.414;622.452;614.298;607.767;607.147;560.072;536.053;587.541;629.656;636.114;642.910;838.422;877.015;887.028;883.719;890.397;869.408;882.750;864.680;876.851;872.713;873.905;877.683;870.267;889.191;885.287;892.120;886.050;915.746;925.320;911.660;912.899;887.965;890.554;894.776;908.342;926.929;931.668;909.230;864.173;818.991;795.524;815.583;812.689;830.778;879.379;871.959;866.271;820.912;834.747;845.465;850.914;840.780;842.914;835.252;833.957;818.533;806.055;772.850;770.481;785.705;788.120;776.584;793.573;796.179;838.946;826.016;816.062;815.449;823.131;832.172;854.764;847.069;861.990;860.876;877.058;862.386;862.506;852.613;852.651;835.413;821.170;807.102;793.520;785.903;764.942;749.213;746.756;745.276;743.231;742.234;742.704;744.667;747.963;752.317;757.731
40;675.316;664.449;661.346;659.206;670.812;670.912;664.560;672.194;667.074;699.668;678.853;679.639;648.744;652.557;625.906;621.401;613.034;606.130;605.781;559.005;535.559;586.107;627.569;634.619;641.611;837.066;875.693;886.153;882.437;907.159;868.400;881.317;863.377;875.586;870.534;871.902;875.926;867.845;889.822;886.954;893.130;887.514;917.414;926.282;912.619;914.186;890.083;892.127;896.084;909.814;926.134;933.583;914.346;864.346;820.577;797.169;817.042;814.248;832.358;881.060;873.415;867.732;822.410;836.162;846.801;852.175;841.979;844.041;836.314;834.947;819.548;807.093;773.926;771.569;786.792;789.215;777.698;794.683;797.298;840.043;827.132;817.195;816.592;824.279;833.322;855.910;848.229;863.150;862.045;878.227;863.573;863.701;853.823;853.870;836.649;822.422;808.369;794.801;787.195;766.252;750.537;748.088;746.614;744.576;743.585;744.061;746.030;749.330;753.687
41;693.453;683.919;663.817;660.692;657.958;669.946;669.761;663.837;672.833;667.033;698.600;677.917;678.150;645.885;649.891;624.311;619.960;611.265;604.438;604.329;558.027;533.324;584.434;625.126;632.853;639.998;835.439;874.117;884.970;897.897;905.275;867.119;879.355;861.811;874.152;868.318;869.947;873.836;868.623;890.062;888.243;893.844;888.684;918.602;926.075;915.879;915.559;890.414;893.428;897.593;912.048;928.322;935.248;914.819;864.454;822.696;797.578;817.936;815.141;833.394;881.839;874.242;868.584;823.267;836.964;847.549;852.874;842.644;844.659;836.895;835.542;820.168;807.737;774.610;772.267;787.488;789.920;778.422;795.405;798.027;840.750;827.860;817.940;817.348;825.039;834.086;856.669;849.003;863.923;862.829;879.011;864.375;864.512;854.649;854.705;837.502;823.292;809.255;795.702;788.108;767.184;751.484;749.043;747.576;745.545;744.561;745.043;747.017;750.322
42;420.523;702.812;682.586;662.779;659.231;656.791;668.550;668.793;663.863;672.773;665.798;696.210;676.693;674.956;642.936;647.975;622.592;618.153;609.527;602.790;602.939;556.320;530.476;582.132;622.084;630.564;637.845;833.332;871.898;898.947;895.890;903.173;865.401;877.071;859.784;872.301;865.955;867.635;873.985;869.141;890.027;889.529;894.470;889.609;919.196;927.542;916.931;912.851;887.979;892.699;897.105;910.883;929.415;933.904;911.391;863.119;822.661;796.080;816.499;813.784;832.039;880.693;873.340;867.858;822.761;836.613;847.356;852.845;842.792;844.973;837.231;835.891;820.545;808.139;775.054;772.725;787.944;790.385;778.908;795.887;798.518;841.217;828.349;818.448;817.867;825.563;834.613;857.190;849.540;864.459;863.376;879.558;864.941;865.087;855.241;855.307;838.122;823.930;809.910;796.372;788.791;767.887;752.202;749.770;748.311;746.288;745.310;745.798;747.778
43;372.653;427.440;701.182;681.031;661.009;657.700;655.012;667.546;668.344;663.240;671.624;663.433;693.499;673.994;668.998;640.695;645.801;620.447;616.447;607.801;601.302;600.368;554.753;527.736;579.980;619.199;628.426;635.895;831.329;885.664;896.458;893.563;900.376;863.265;874.197;857.352;870.188;863.020;867.644;873.641;869.255;889.524;890.278;894.512;889.687;919.377;927.582;917.355;912.472;888.102;893.040;898.044;914.016;929.150;932.341;910.144;864.698;822.403;795.878;816.353;813.518;831.865;880.527;873.178;867.697;822.647;836.477;847.202;852.678;842.628;844.822;837.104;835.778;820.462;808.083;775.044;772.730;787.946;790.398;778.943;795.919;798.559;841.232;828.387;818.507;817.938;825.639;834.693;857.263;849.630;864.549;863.478;879.660;865.064;865.220;855.391;855.467;838.303;824.130;810.129;796.608;789.040;768.157;752.488;750.066;748.615;746.601;745.631;746.125
44;330.686;379.268;426.460;699.341;678.713;659.231;655.771;653.103;666.937;667.295;661.367;669.369;660.606;689.449;673.067;666.337;638.057;643.286;618.333;614.562;606.175;598.473;597.663;552.985;524.951;577.646;616.321;626.255;633.851;844.778;884.046;894.287;891.521;897.842;861.185;871.587;855.130;868.001;862.837;867.432;873.097;869.229;888.918;890.716;894.072;889.771;917.863;928.204;915.745;911.228;888.427;893.685;900.671;913.458;927.569;931.028;909.988;863.806;821.685;795.349;815.659;812.927;831.328;879.927;872.590;867.117;822.125;835.938;846.650;852.119;842.097;844.306;836.613;835.303;820.020;807.670;774.681;772.384;787.597;790.061;778.630;795.602;798.252;840.897;828.078;818.220;817.664;825.371;834.429;856.992;849.378;864.296;863.238;879.420;864.847;865.013;855.204;855.291;838.150;823.997;810.017;796.515;788.961;768.101;752.450;750.038;748.597;746.592;745.630
45;314.083;336.508;378.110;425.285;696.731;676.381;656.967;653.604;651.485;665.796;665.293;658.508;666.870;656.675;680.681;670.022;663.305;634.933;640.673;616.057;612.710;603.233;595.920;595.387;551.768;522.588;575.937;613.961;624.704;645.650;841.664;880.779;890.868;888.216;894.195;858.506;868.518;852.556;867.203;862.330;866.795;872.168;868.975;888.033;890.513;894.414;889.359;917.865;927.400;914.996;910.883;887.039;895.130;899.792;910.193;927.810;930.409;908.756;862.753;820.771;794.432;814.883;812.270;830.678;879.241;871.950;866.518;821.620;835.447;846.176;851.657;841.668;843.891;836.226;834.934;819.686;807.369;774.433;772.154;787.365;789.841;778.436;795.404;798.065;840.680;827.889;818.054;817.512;825.226;834.288;856.844;849.250;864.168;863.124;879.305;864.758;864.935;855.147;855.246;838.130;823.999;810.041;796.559;789.021;768.186;752.555;750.154;748.723;746.728
46;391.240;319.629;335.570;376.690;423.658;693.967;673.437;655.243;651.814;649.503;663.714;662.465;655.543;663.304;654.374;677.336;666.673;659.922;631.925;637.914;613.852;610.678;600.698;593.815;593.598;551.073;520.917;574.776;612.156;636.335;643.118;838.809;877.589;887.396;884.902;890.425;855.751;865.268;851.986;866.194;861.495;866.072;870.979;868.458;886.742;890.390;892.299;889.193;916.070;926.152;913.618;909.260;889.852;893.832;898.758;907.488;927.152;929.004;907.449;861.730;819.672;793.455;813.955;811.346;829.725;878.209;870.929;865.504;820.672;834.475;845.210;850.705;840.751;842.990;835.355;834.082;818.873;806.591;773.713;771.455;786.663;789.152;777.775;794.739;797.411;839.993;827.233;817.423;816.897;824.618;833.685;856.233;848.661;863.578;862.550;878.730;864.210;864.400;854.634;854.747;837.658;823.551;809.617;796.157;788.637;767.829;752.220;749.831;748.411
47;584.214;397.386;318.530;334.451;375.018;421.869;690.809;671.203;653.369;649.494;646.523;660.678;659.147;651.625;658.947;650.874;673.687;662.805;656.435;628.698;635.088;610.404;607.602;597.120;590.810;590.893;549.594;518.446;572.875;623.712;635.335;641.319;836.563;874.923;884.318;882.070;887.000;853.096;865.251;851.139;864.797;860.369;865.067;869.576;867.351;885.677;889.660;890.791;887.649;914.582;924.550;911.955;910.903;890.446;890.921;897.013;907.400;925.627;927.387;906.113;860.362;818.474;792.372;812.816;810.194;828.523;876.907;869.621;864.187;819.411;833.215;843.958;849.466;839.551;841.807;834.206;832.953;817.787;805.543;772.729;770.493;785.697;788.201;776.855;793.815;796.500;839.045;826.318;816.537;816.028;823.756;832.828;855.368;847.820;862.736;861.725;877.904;863.414;863.618;853.877;854.005;836.945;822.864;808.956;795.521;788.020;767.242;751.657;749.281
48;591.764;590.823;395.783;317.306;332.831;373.159;419.820;688.296;669.067;651.298;646.548;642.942;657.688;655.355;647.408;655.086;647.107;669.787;659.036;652.879;625.553;630.851;606.399;603.922;593.001;587.363;587.706;547.623;515.466;583.694;621.233;633.054;638.362;833.165;871.314;880.644;878.770;883.350;851.889;864.976;849.971;863.354;859.073;863.773;867.505;867.494;884.490;885.940;889.536;885.937;914.713;923.357;913.420;909.918;886.678;887.309;894.807;904.239;922.503;924.323;903.169;857.772;816.184;790.265;810.798;808.311;826.737;875.162;868.018;862.724;818.055;831.859;842.611;848.134;838.259;840.534;832.969;831.738;816.618;804.414;771.669;769.456;784.657;787.176;775.863;792.819;795.517;838.024;825.331;815.582;815.090;822.826;831.904;854.435;846.913;861.828;860.835;877.013;862.554;862.773;853.059;853.203;836.175;822.122;808.242;794.833;787.353;766.607;751.048
49;600.295;597.919;588.134;394.139;315.652;331.252;371.126;417.599;685.514;666.577;648.255;642.706;638.949;653.747;648.664;643.225;651.006;642.981;665.791;655.018;649.162;621.423;626.816;602.688;600.575;589.247;584.205;584.908;545.909;526.415;582.309;619.817;631.709;636.268;830.443;868.320;877.245;875.590;882.711;850.465;864.485;848.717;861.533;857.743;862.098;866.732;865.010;882.312;883.630;885.984;885.380;914.147;924.080;912.138;907.810;883.487;884.309;892.096;901.590;919.896;921.712;900.796;855.617;814.158;788.334;808.855;806.407;824.828;873.190;866.092;860.839;816.286;830.091;840.852;846.392;836.560;838.856;831.330;830.124;815.053;802.893;770.223;768.035;783.233;785.768;774.492;791.442;794.155;836.620;823.965;814.250;813.778;821.521;830.606;853.126;845.633;860.547;859.573;875.750;861.327;861.562;851.876;852.037;835.044;821.022;807.172;793.792;786.335;765.623
50;561.578;606.148;594.634;585.147;391.883;313.948;329.287;369.292;415.386;682.484;663.145;644.613;638.669;634.271;647.450;644.348;638.997;646.613;638.964;661.770;651.017;645.451;617.543;622.950;599.111;597.584;585.805;581.401;582.379;556.031;524.712;579.706;617.235;629.240;632.910;826.510;864.096;872.701;874.476;881.825;848.850;863.844;847.303;859.669;855.790;861.536;865.139;862.511;879.529;882.821;884.220;882.818;914.145;920.949;911.215;904.088;881.433;882.183;889.942;899.550;917.705;919.608;898.789;853.677;812.276;786.470;806.895;804.407;822.741;870.949;863.900;858.691;814.265;828.071;838.841;844.399;834.614;836.934;829.450;828.269;813.252;801.140;768.551;766.391;781.584;784.138;772.901;789.845;792.575;834.994;822.380;812.702;812.251;820.003;829.095;851.603;844.141;859.054;858.101;874.277;859.892;860.145;850.490;850.670;833.715;819.726;805.909;792.561;785.127
51;593.586;566.345;602.286;591.035;581.394;389.566;312.000;327.396;367.386;413.045;678.776;659.360;640.890;634.141;628.543;643.079;639.875;634.465;642.177;634.786;657.633;646.117;641.370;613.298;618.764;595.345;594.182;582.109;578.274;591.097;553.293;522.724;577.056;614.521;626.826;629.805;822.894;860.214;871.927;873.035;880.620;846.809;862.586;845.433;857.064;852.568;859.342;861.258;860.531;877.364;880.900;882.805;881.519;910.980;917.462;905.451;901.700;877.625;878.427;886.276;895.928;914.294;916.388;895.746;850.868;809.690;784.063;804.543;802.172;820.571;868.700;861.704;856.542;812.253;826.059;836.839;842.417;832.684;835.028;827.589;826.436;811.478;799.418;766.917;764.787;779.974;782.549;771.355;788.292;791.039;833.408;820.840;811.201;810.773;818.535;827.634;850.129;842.700;857.613;856.683;872.857;858.514;858.786;849.165;849.365;832.450;818.498;804.716;791.402
52;587.018;598.489;562.360;598.199;586.850;577.489;386.972;309.733;325.403;365.297;410.045;674.412;655.203;636.467;630.162;624.220;638.767;635.324;629.846;637.715;630.671;653.445;641.160;637.481;609.174;614.550;591.753;590.963;578.490;587.344;588.654;550.981;521.064;574.540;611.981;624.463;626.630;819.008;859.463;870.975;871.437;879.270;844.643;861.452;843.428;855.237;851.308;855.833;859.092;857.498;875.289;878.585;882.866;878.225;907.049;913.815;903.345;898.591;874.548;875.462;883.269;893.057;911.477;913.603;893.061;848.344;807.313;781.787;802.237;799.901;818.292;866.336;859.396;854.285;810.141;823.948;834.738;840.337;830.659;833.029;825.639;824.516;809.619;797.615;765.209;763.109;778.292;780.888;769.740;786.670;789.436;831.750;819.231;809.634;809.231;817.002;826.109;848.591;841.197;856.109;855.204;871.376;857.077;857.370;847.785;848.007;831.134;817.222;803.478
53;589.125;590.873;593.975;558.063;593.444;582.546;573.109;384.368;307.313;323.322;362.686;406.666;669.804;650.280;627.729;625.479;619.878;634.104;630.399;625.226;633.141;626.390;649.526;636.758;633.863;605.453;611.083;588.775;588.381;586.984;584.417;585.853;548.391;519.306;571.950;609.532;622.315;623.907;818.003;858.394;869.760;869.511;877.510;842.430;859.760;840.976;852.451;849.625;852.071;855.274;854.507;872.341;878.420;878.219;875.332;901.757;911.218;899.795;895.070;871.272;872.178;880.108;889.976;908.375;910.538;890.105;845.560;804.688;779.271;799.692;797.404;815.785;863.739;856.858;851.801;807.812;821.620;832.420;838.042;828.422;830.819;823.481;822.389;807.558;795.613;763.307;761.241;776.419;779.037;767.938;784.860;787.645;829.903;817.435;807.882;807.506;815.287;824.403;846.870;839.514;854.425;853.545;869.715;855.464;855.778;846.231;846.476;829.650;815.779
54;568.555;592.703;585.709;589.103;553.206;588.443;577.665;568.739;381.425;304.793;320.842;359.742;403.120;664.332;647.920;622.867;620.728;615.347;629.378;625.323;620.495;628.378;621.706;645.439;632.076;629.990;601.611;607.382;585.484;596.741;583.941;581.132;582.545;545.165;516.944;568.457;606.065;618.998;622.983;816.930;857.250;868.357;867.445;875.733;839.880;855.928;837.478;849.865;845.260;848.478;853.420;853.042;872.005;875.472;875.567;870.261;897.896;907.429;896.133;891.426;867.780;868.898;876.927;886.821;905.216;907.433;887.131;842.786;802.098;776.816;797.215;794.979;813.350;861.208;854.389;849.390;805.564;819.374;830.185;835.830;826.272;828.698;821.414;820.356;805.595;793.711;761.512;759.482;774.653;777.295;766.248;783.161;785.967;828.164;815.752;806.246;805.898;813.689;822.814;845.267;837.950;852.860;852.008;868.176;853.974;854.312;844.804;845.074;828.297
55;572.736;571.125;587.131;580.295;583.711;548.196;583.132;573.103;563.732;377.905;301.950;317.860;356.410;398.792;653.722;642.312;617.792;615.737;610.721;624.480;620.382;615.476;623.531;616.972;641.293;627.377;626.302;597.941;603.810;592.748;592.674;580.099;577.234;578.633;541.493;514.075;564.713;602.365;617.092;621.457;815.216;855.402;866.393;865.019;873.239;836.528;852.692;834.093;845.088;841.575;846.235;850.716;853.098;868.266;871.123;870.701;867.357;893.864;903.467;892.392;887.729;864.342;865.602;873.676;883.612;902.016;904.306;884.158;840.039;799.561;774.414;794.790;792.609;810.969;858.725;851.973;847.035;803.383;817.194;828.017;833.687;824.195;826.652;819.426;818.404;803.717;791.899;759.813;757.821;772.985;775.652;764.661;781.565;784.393;826.525;814.172;804.716;804.398;812.200;821.334;843.772;836.497;851.406;850.583;866.749;852.600;852.963;843.498;843.793
56;565.915;574.640;565.126;581.485;574.281;577.861;542.674;577.988;567.924;558.369;374.450;298.745;314.613;352.586;396.713;647.899;636.802;612.567;610.572;605.860;619.475;615.755;610.653;618.821;612.360;637.182;623.032;622.909;594.373;610.473;588.842;588.960;576.583;573.829;575.337;538.303;512.010;561.991;600.570;615.005;619.986;813.246;853.198;864.449;862.163;870.992;833.238;849.715;829.196;842.372;838.437;843.768;849.981;849.482;864.457;865.056;867.731;863.262;889.783;899.362;888.475;884.110;860.974;862.329;870.464;880.455;898.882;901.261;881.287;837.421;797.144;772.141;792.493;790.369;808.718;856.365;849.685;844.811;801.345;815.157;825.993;831.690;822.267;824.758;817.593;816.609;802.001;790.254;758.288;756.337;771.494;774.187;763.254;780.148;783.000;825.064;812.772;803.370;803.084;810.898;820.042;842.463;835.233;850.140;849.349;865.512;851.421;851.810;842.391
57;560.257;566.950;568.031;559.031;574.828;568.002;571.611;537.625;572.065;562.466;552.882;370.578;295.227;310.874;348.997;392.936;641.973;630.876;607.104;605.310;600.826;613.673;610.361;605.073;613.318;607.100;632.534;617.815;618.790;599.691;606.306;584.309;584.443;572.446;569.525;571.148;534.279;508.911;560.667;598.377;612.503;617.865;810.637;850.708;861.536;858.972;868.773;829.709;845.265;825.038;839.087;834.820;842.409;845.204;846.457;859.851;861.663;864.130;860.081;886.362;895.948;885.291;881.012;857.994;859.357;867.462;877.419;895.778;898.157;878.276;834.640;794.576;769.725;790.051;787.987;806.325;853.857;847.252;842.446;799.177;812.990;823.839;829.564;820.215;822.741;815.641;814.697;800.173;788.500;756.662;754.754;769.903;772.624;761.753;778.637;781.514;823.505;811.278;801.933;801.681;809.507;818.662;841.065;833.882;848.788;848.030;864.191;850.160;850.577
58;549.985;560.480;559.851;561.311;551.980;568.036;561.159;565.168;531.935;566.188;556.952;546.987;366.499;291.397;307.298;345.443;388.932;635.557;624.713;601.339;599.705;594.809;607.615;604.570;599.087;607.621;601.750;627.532;612.388;622.967;594.827;602.013;579.857;580.248;568.555;565.500;567.534;530.896;506.715;559.260;596.166;609.952;615.751;808.149;847.584;857.899;855.310;864.608;825.133;840.787;821.462;836.122;832.580;838.625;841.164;842.295;856.878;858.116;860.659;856.619;882.828;892.563;882.009;877.756;854.849;856.210;864.272;874.180;892.452;894.820;875.100;831.711;791.876;767.188;787.486;785.486;803.812;851.219;844.695;839.963;796.906;810.720;821.582;827.337;818.067;820.631;813.601;812.700;798.267;786.674;754.973;753.111;768.252;771.004;760.200;777.072;779.977;821.888;809.732;800.448;800.232;808.072;817.238;839.622;832.490;847.393;846.672;862.830;848.864
59;555.048;549.523;552.873;552.815;553.695;544.926;560.478;554.133;557.945;526.386;560.102;550.910;540.764;362.067;287.217;303.987;341.737;384.669;628.759;618.251;595.475;593.517;588.545;601.381;598.704;593.278;601.825;596.342;622.625;616.884;618.127;590.279;597.800;575.313;575.792;564.342;561.168;563.351;528.960;504.414;557.476;593.554;607.001;613.326;804.861;842.882;853.305;849.732;858.103;819.426;835.472;817.033;832.477;829.326;834.093;835.277;836.644;851.644;853.106;855.441;851.650;878.064;887.940;877.591;873.513;850.870;852.374;860.535;870.536;888.861;891.294;871.745;828.620;789.029;764.515;784.782;782.852;801.164;848.437;842.000;837.346;794.516;808.331;819.207;824.994;815.808;818.412;811.458;810.603;796.266;784.759;753.205;751.393;766.524;769.308;758.576;775.436;778.370;820.196;808.115;798.898;798.720;806.574;815.752;838.116;831.038;845.939;845.257;861.411
60;539.946;553.771;541.145;544.910;544.499;545.642;536.856;552.937;545.937;550.631;520.357;553.416;544.453;533.847;357.616;283.921;300.721;337.757;380.216;621.811;611.361;589.011;586.747;582.004;594.898;592.510;587.380;595.972;590.594;625.600;610.750;611.752;584.182;592.390;569.569;570.107;559.382;556.251;560.468;526.579;501.525;555.219;590.513;603.672;610.308;799.509;837.472;848.044;842.020;851.593;814.091;830.693;814.089;827.407;824.503;827.617;830.773;831.552;846.496;848.042;850.464;846.948;873.336;883.247;873.047;869.083;846.653;848.238;856.434;866.462;884.769;887.271;867.906;825.066;785.738;761.412;781.645;779.791;798.088;845.216;838.871;834.302;791.716;805.532;816.423;822.245;813.149;815.797;808.924;808.119;793.885;782.471;751.076;749.318;764.439;767.258;756.603;773.450;776.414;818.149;806.149;797.003;796.867;804.736;813.928;836.269;829.250;844.148;843.508
61;509.670;537.271;544.597;532.958;536.201;536.242;537.255;528.736;544.320;537.931;542.637;513.455;545.808;536.971;527.476;352.965;280.487;296.940;333.705;375.617;614.351;603.705;581.822;579.415;574.808;587.625;585.993;580.655;589.401;593.770;619.555;605.476;606.145;578.974;587.412;564.290;565.188;554.794;553.008;557.335;523.854;498.496;552.704;587.369;600.014;606.311;794.468;828.891;841.147;835.183;846.294;808.882;825.670;809.303;821.576;818.974;822.446;825.375;826.236;841.009;842.697;845.385;842.024;868.346;878.294;868.252;864.409;842.205;843.876;852.109;862.163;880.451;883.026;863.855;821.317;782.267;758.140;778.337;776.563;794.843;841.817;835.570;831.090;788.763;802.580;813.487;819.344;810.345;813.039;806.252;805.499;791.375;780.059;748.833;747.131;762.241;765.097;754.524;771.357;774.354;815.991;804.077;795.007;794.915;802.801;812.006;834.323;827.367;842.262
62;494.348;506.992;527.983;535.370;523.701;527.223;527.214;528.438;519.772;535.660;529.287;534.042;506.162;537.826;530.043;519.901;348.065;276.511;292.932;329.310;370.566;606.625;595.756;574.233;571.614;567.347;580.300;579.236;573.699;591.592;587.202;612.442;598.989;599.734;572.844;581.606;558.372;559.740;551.235;549.649;553.766;520.840;495.022;549.901;583.743;594.286;601.677;786.202;820.902;832.793;828.348;839.271;805.459;819.016;803.751;814.578;813.047;816.495;819.464;820.136;835.001;837.027;839.837;836.621;862.885;872.887;863.022;859.321;837.369;839.145;847.412;857.493;875.760;878.412;859.446;817.225;778.469;754.551;774.710;773.020;791.283;838.094;831.950;827.565;785.511;799.328;810.253;816.147;807.250;809.992;803.296;802.598;788.590;777.378;746.330;744.687;759.786;762.680;752.194;769.012;772.043;813.577;801.754;792.763;792.718;800.622;809.841;832.132;825.242
63;465.511;490.795;497.540;518.283;525.314;514.348;517.458;517.922;518.545;511.043;526.700;520.496;525.209;498.303;526.763;521.444;511.928;342.722;272.476;288.660;324.615;365.518;598.820;587.797;566.888;563.958;560.074;573.205;572.646;575.130;584.168;580.259;604.823;592.147;592.478;566.011;575.474;552.187;555.946;547.072;545.842;549.951;517.287;491.410;546.523;578.202;589.712;595.808;779.402;813.243;826.002;822.320;834.187;798.586;812.565;796.713;807.619;806.192;809.812;812.492;813.474;828.664;830.853;833.785;830.743;856.968;867.046;857.392;853.862;832.196;834.063;842.364;852.473;870.718;873.450;854.699;812.812;774.365;750.668;770.786;769.185;787.429;834.068;828.033;823.746;781.981;795.798;806.741;812.674;803.884;806.677;800.076;799.436;785.549;774.447;743.587;742.006;757.093;760.028;749.632;766.434;769.501;810.926;799.199;790.293;790.296;798.219;807.453;829.716
64;452.705;461.496;480.715;487.990;507.809;514.643;504.044;507.181;507.478;509.073;501.955;517.104;511.228;516.007;491.047;517.508;512.666;503.524;337.280;268.305;284.245;319.645;360.241;590.867;579.443;559.201;556.218;552.823;565.732;573.868;568.421;577.092;573.254;597.222;585.144;585.235;559.074;569.032;547.966;551.783;542.625;541.512;545.589;513.540;487.297;541.388;573.677;584.514;590.002;773.249;806.408;818.380;816.676;827.416;792.995;806.527;791.079;801.903;800.624;804.014;806.772;807.995;823.101;825.300;828.225;825.230;851.280;861.302;851.733;848.247;826.837;828.798;837.135;847.273;865.493;868.309;849.783;808.244;770.120;746.655;766.730;765.220;783.444;829.902;823.980;819.797;778.334;792.151;803.112;809.086;800.408;803.253;796.752;796.172;782.413;771.426;740.763;739.246;754.321;757.298;746.998;763.782;766.887;808.197;796.571;787.753;787.807;795.750;804.999
65;436.769;448.140;451.271;470.666;477.243;496.756;503.361;493.583;495.892;497.400;498.830;492.170;507.269;501.645;503.738;481.694;508.077;503.265;494.687;331.515;263.896;280.105;314.782;355.218;582.821;571.276;551.719;548.843;545.414;566.000;565.656;560.368;568.843;565.423;588.396;577.133;577.147;551.499;563.691;543.640;547.170;537.878;536.843;541.023;509.268;482.144;535.300;567.288;577.000;584.378;766.191;800.168;811.952;811.436;820.182;785.641;800.099;784.340;794.953;793.523;797.128;800.236;801.575;816.645;818.928;821.920;819.048;844.987;855.027;845.619;842.273;821.130;823.188;831.561;841.729;859.923;862.825;844.533;803.360;765.573;742.350;762.379;760.964;779.166;825.435;819.631;815.555;774.408;788.225;799.204;805.221;796.660;799.560;793.162;792.647;779.021;768.154;737.697;736.249;751.310;754.331;744.131;760.897;764.042;805.230;793.710;784.984;785.092;793.055
66;383.989;431.541;437.489;441.223;459.339;466.153;484.913;492.202;481.874;485.215;486.991;488.336;482.078;497.076;494.114;493.203;472.319;498.063;493.743;485.718;325.404;259.893;275.658;309.872;349.918;574.535;562.960;544.106;541.020;545.640;557.701;557.135;552.272;560.337;557.002;579.216;569.154;569.070;546.374;557.725;538.651;542.199;532.583;532.042;535.806;502.698;476.900;529.409;560.144;570.419;579.046;759.071;795.681;804.650;803.848;810.258;777.520;791.636;776.067;786.152;785.210;789.358;792.662;794.205;809.343;811.816;814.982;812.339;838.269;848.429;839.210;836.008;815.140;817.298;825.708;835.906;854.071;857.062;839.012;798.217;760.780;737.806;757.788;756.470;774.649;820.720;815.039;811.073;770.254;784.070;795.068;801.129;792.688;795.645;789.355;788.906;775.418;764.675;734.432;733.054;748.101;751.167;741.072;757.818;761.004;802.066;790.655;782.025;782.189
67;379.314;378.728;420.655;426.857;429.873;447.381;454.394;473.053;479.344;470.620;473.523;475.629;477.413;471.697;486.840;483.101;483.004;462.298;487.913;483.728;476.133;318.831;254.463;270.179;303.717;343.497;564.865;553.454;535.314;540.041;537.340;548.890;548.487;543.762;551.346;548.426;569.658;560.591;563.113;540.673;551.477;533.145;536.712;527.190;526.550;529.623;497.437;470.874;521.814;553.575;565.234;573.206;753.583;788.173;798.225;795.281;802.732;770.312;784.404;768.512;778.632;777.999;782.196;785.531;787.135;802.189;804.708;807.903;805.350;831.112;841.310;832.293;829.244;808.672;810.935;819.385;829.613;847.747;850.832;833.041;792.653;755.592;732.885;752.815;751.602;769.754;815.612;810.061;806.215;765.748;779.563;790.580;796.688;788.377;791.394;785.220;784.841;771.503;760.893;730.881;729.579;744.609;747.724;737.741;754.466;757.696;798.622;787.329;778.802
68;367.723;373.129;368.560;409.824;415.025;418.254;434.767;441.485;459.779;467.020;458.874;461.436;463.753;465.817;460.838;475.152;471.938;472.111;451.993;477.307;473.335;466.005;311.839;248.847;264.195;297.079;336.670;554.815;543.333;533.209;530.920;528.642;539.443;539.601;534.759;542.067;539.743;560.423;553.398;556.878;534.628;544.681;527.407;531.294;521.269;519.222;524.086;492.115;464.692;515.046;548.512;558.702;567.786;744.039;780.090;789.531;785.688;793.586;761.645;775.095;759.678;770.111;769.568;773.872;777.319;779.064;794.106;796.753;800.057;797.675;823.329;833.565;824.760;821.871;801.609;803.983;812.473;822.731;840.831;844.015;826.496;786.536;749.871;727.446;747.320;746.217;764.340;809.969;804.556;800.836;760.740;774.552;785.589;791.746;783.573;786.653;780.600;780.296;767.116;756.647;726.878;725.656;740.669;743.836;733.971;750.673;753.949;794.730;783.562
69;339.521;360.697;362.104;358.109;397.356;402.884;405.460;421.171;426.957;447.209;453.970;446.173;448.720;451.477;452.985;448.806;463.255;460.557;460.689;441.280;466.231;462.321;455.250;304.468;242.860;257.976;290.421;329.638;544.282;540.648;523.527;521.274;519.184;529.396;529.580;524.789;531.776;530.027;552.936;545.642;549.938;527.889;537.152;521.347;524.789;512.966;512.947;516.274;485.613;458.814;507.714;541.626;552.508;561.075;734.965;770.629;780.158;776.002;783.948;751.752;765.378;750.623;761.013;760.552;764.970;768.539;770.437;785.471;788.255;791.678;789.465;815.003;825.277;816.694;813.972;794.035;796.524;805.055;815.344;833.406;836.693;819.460;779.950;743.703;721.575;741.388;740.400;758.490;803.878;798.610;795.022;755.318;769.126;780.183;786.390;778.362;781.509;775.583;775.358;762.345;752.023;722.513;721.374;736.368;739.589;729.850;746.527;749.851;790.479
70;332.008;332.169;348.924;350.892;346.385;384.687;389.631;392.023;405.957;413.287;433.439;440.478;432.953;435.498;438.483;439.930;436.648;450.427;448.240;448.740;430.080;454.767;450.741;444.183;296.885;236.664;251.828;283.770;322.549;539.618;529.656;512.926;510.664;509.158;518.769;519.137;514.802;521.824;521.640;544.821;537.604;542.454;520.604;529.747;514.674;516.234;505.292;506.504;508.902;479.037;453.199;502.436;536.262;545.930;553.625;724.739;760.996;770.244;765.966;773.191;741.780;755.716;741.211;751.521;751.126;755.646;759.322;761.361;776.367;779.277;782.806;780.770;806.183;816.495;808.145;805.598;786.004;788.612;797.185;807.506;825.527;828.921;811.989;772.957;737.151;715.336;735.084;734.217;752.272;797.402;792.287;788.838;749.549;763.352;774.429;780.690;772.815;776.032;770.241;770.099;757.262;747.097;717.862;716.811;731.784;735.062;725.456;742.106;745.482
71;308.983;323.493;320.188;337.079;338.337;334.426;371.085;375.053;376.829;391.581;398.844;419.328;426.005;419.039;421.524;424.324;426.449;423.803;437.484;435.675;436.064;418.298;442.595;439.123;432.856;289.345;230.686;245.548;276.932;321.254;527.796;518.633;502.289;500.444;499.050;507.712;508.480;504.232;512.813;512.871;536.265;528.837;534.249;513.099;521.517;506.067;508.480;496.677;499.159;500.478;472.057;446.793;495.311;529.462;538.849;545.114;714.656;750.495;759.505;754.577;762.082;731.645;745.475;731.231;741.466;741.151;745.788;749.587;751.782;766.768;769.808;773.446;771.595;796.873;807.224;799.117;796.753;777.520;780.252;788.868;799.220;817.196;820.701;804.086;765.558;730.217;708.733;728.410;727.670;745.686;790.541;785.587;782.283;743.434;757.230;768.327;774.644;766.930;770.220;764.572;764.518;751.867;741.868;712.924;711.965;726.916;730.254;720.788;737.409
72;307.111;299.560;310.569;308.077;324.011;325.848;321.416;356.228;359.155;362.585;376.391;383.693;404.202;410.971;404.372;406.602;410.050;412.264;410.608;423.730;422.180;423.381;405.934;430.286;426.845;420.991;281.681;224.749;239.415;275.265;314.059;515.335;507.072;490.885;489.216;487.920;495.939;496.950;494.682;503.288;503.281;527.043;519.222;526.165;504.645;511.824;497.331;499.214;488.281;491.069;491.175;464.507;440.667;488.535;521.414;530.226;536.422;703.805;739.102;747.317;742.834;750.741;720.839;734.552;720.587;730.749;730.523;735.286;739.220;741.586;756.534;759.709;763.460;761.802;786.933;797.323;789.473;787.300;768.447;771.308;779.968;790.352;808.277;811.898;795.617;757.623;722.775;701.640;721.241;720.633;738.605;783.165;778.381;775.231;736.848;750.635;761.752;768.127;760.584;763.951;758.454;758.494;746.040;736.217;707.582;706.721;721.648;725.049;715.733
73;289.812;296.481;286.445;297.843;294.722;310.674;312.236;307.682;339.493;343.965;347.311;360.775;367.768;388.609;392.912;388.594;391.413;395.021;397.659;396.488;409.422;408.385;409.993;393.416;417.477;414.297;409.145;274.117;218.850;237.356;267.774;306.057;501.780;494.860;478.716;477.055;476.474;484.090;486.324;484.666;493.284;493.245;517.080;509.723;517.094;494.822;501.760;487.521;489.067;479.913;482.814;482.962;456.622;433.577;480.344;512.025;520.991;527.102;692.078;725.950;734.470;730.662;738.555;709.240;722.852;709.209;719.318;719.212;724.133;728.233;730.755;745.660;748.976;752.845;751.388;776.360;786.788;779.209;777.236;758.786;761.781;770.486;780.901;798.770;802.513;786.585;749.159;714.836;694.070;713.588;713.120;731.042;775.285;770.681;767.693;729.807;743.584;754.720;761.154;753.793;757.242;751.906;752.045;739.802;730.166;701.861;701.104;716.004;719.472
74;273.432;277.676;282.000;273.892;283.540;281.346;296.404;297.468;292.593;323.566;328.042;331.440;344.283;351.102;372.832;376.081;372.558;375.269;379.408;382.022;381.461;394.522;393.404;396.201;379.921;404.283;401.481;396.924;265.987;217.188;231.063;260.451;298.389;488.104;481.871;466.139;464.742;464.575;472.570;475.236;473.926;482.595;482.307;506.879;499.429;505.422;482.701;491.853;477.571;479.221;471.635;473.939;474.538;448.978;425.842;472.226;503.140;511.917;518.057;679.274;712.938;721.915;718.229;726.025;697.261;710.689;697.314;707.292;707.236;712.249;716.471;719.156;734.013;737.475;741.467;740.223;765.020;775.486;768.195;766.433;748.413;751.549;760.300;770.746;788.553;792.423;776.872;740.055;706.295;685.924;705.351;705.031;722.897;766.797;762.384;759.569;722.217;735.981;747.135;753.633;746.467;750.003;744.838;745.084;733.068;723.633;695.683;695.037;709.907
75;252.021;260.791;262.463;267.890;259.817;269.229;266.981;280.895;281.254;277.951;307.243;311.490;315.040;327.255;333.387;355.149;359.229;355.672;358.753;363.239;365.810;366.123;378.539;377.995;381.433;365.993;390.590;387.841;384.078;261.816;210.301;223.608;251.912;289.630;472.637;467.236;451.987;450.476;452.086;460.573;463.293;462.579;470.962;471.500;495.751;487.245;493.082;471.857;481.433;467.304;469.075;462.179;464.937;465.189;440.313;417.618;462.623;493.418;501.888;507.127;665.569;699.359;708.250;704.714;712.431;684.282;697.539;684.478;694.341;694.364;699.495;703.845;706.699;721.500;725.115;729.236;728.216;752.820;763.323;756.338;754.800;737.239;740.522;749.320;759.797;777.534;781.538;766.389;730.226;697.069;677.121;696.448;696.285;714.087;757.615;753.406;750.775;713.997;727.745;738.917;745.481;738.525;742.153;737.172;737.532;725.760;716.540;688.974;688.446
76;239.752;238.807;244.736;248.012;252.448;245.411;254.208;251.653;264.190;265.634;262.767;290.306;294.239;298.454;310.576;315.885;337.629;341.513;338.336;341.531;346.086;349.403;349.118;361.896;361.392;365.635;351.529;376.139;373.378;374.342;252.022;202.626;215.692;243.156;280.273;456.506;452.483;437.680;437.312;438.939;447.800;450.724;449.659;459.370;459.968;483.004;473.360;480.300;459.546;469.596;456.752;458.579;452.570;454.800;456.909;430.697;408.761;453.509;483.732;490.957;496.535;652.253;685.354;694.088;690.649;698.222;670.666;683.679;670.891;680.570;680.671;685.924;690.405;693.435;708.171;711.944;716.199;715.413;739.808;750.347;743.685;742.382;725.308;728.745;737.590;748.098;765.755;769.900;755.178;719.714;687.201;667.704;686.922;686.924;704.656;747.781;743.788;741.353;705.190;718.918;730.108;736.741;730.009;733.734;728.949;729.432;717.921;708.931;681.777
77;221.063;225.383;222.376;229.570;232.014;237.297;230.211;238.118;235.157;248.140;249.429;247.118;272.444;276.415;279.427;292.472;298.768;319.261;323.407;320.345;323.468;328.285;331.208;331.846;343.867;343.770;349.421;336.265;360.567;361.782;359.677;241.969;194.635;207.553;233.878;270.441;439.633;436.707;423.071;423.362;424.979;434.015;436.881;436.927;446.699;445.872;468.836;459.794;467.007;447.014;456.148;444.745;448.101;441.144;443.937;446.433;420.314;399.293;443.075;471.618;479.172;485.277;637.507;669.917;678.532;675.252;682.722;655.853;668.657;656.216;665.755;665.938;671.320;675.940;679.158;693.823;697.764;702.162;701.627;725.796;736.371;730.056;729.006;712.455;716.057;724.953;735.493;753.065;757.360;743.098;708.385;676.566;657.554;676.654;676.834;694.492;737.183;733.424;731.200;695.699;709.407;720.617;727.325;720.834;724.665;720.092;720.707;709.477;700.735
78;197.409;206.042;208.057;207.061;213.257;216.742;221.276;214.156;220.992;219.572;231.694;233.036;231.049;254.222;258.806;261.650;274.746;280.551;300.627;304.604;301.606;305.072;309.242;313.106;313.717;325.537;326.167;332.667;320.413;348.161;346.250;344.875;231.696;186.913;199.109;224.369;260.360;422.230;420.148;408.038;408.800;409.858;419.130;423.474;423.272;431.795;430.754;454.689;446.097;452.757;432.967;444.028;432.901;436.474;429.913;431.417;434.727;409.401;389.050;430.510;458.905;467.050;473.099;621.596;653.285;661.794;658.705;666.086;639.980;652.579;640.513;649.899;650.166;655.682;660.448;663.864;678.448;682.566;687.115;686.847;710.768;721.378;715.435;714.654;698.665;702.441;711.390;721.962;739.440;743.894;730.126;696.225;665.154;646.664;665.635;666.007;683.581;725.800;722.294;720.297;685.511;699.196;710.425;717.215;710.983;714.929;710.585;711.343;700.416
79;182.633;181.925;188.539;192.127;190.305;197.362;200.443;203.878;196.893;204.629;203.432;215.052;215.942;214.822;236.808;239.871;243.880;256.023;262.533;281.490;285.059;282.528;285.770;290.405;294.170;295.104;307.712;308.359;315.302;307.870;331.074;329.888;328.797;220.713;177.976;189.899;213.940;249.250;404.375;403.037;392.219;393.408;393.529;404.326;408.517;408.355;415.773;415.694;438.091;430.972;438.313;419.063;430.920;419.268;423.349;416.981;418.871;422.008;397.658;376.688;417.506;445.904;453.902;459.877;604.322;635.222;643.607;640.714;647.990;622.700;635.052;623.389;632.605;632.960;638.615;643.535;647.158;661.651;665.955;670.664;670.681;694.328;704.972;699.430;698.938;683.558;687.519;696.523;707.126;724.499;729.124;715.889;682.870;652.614;634.690;653.518;654.096;671.576;713.278;710.045;708.295;674.288;687.946;699.194;706.071;700.122;704.192;700.097;701.011
80;161.483;167.038;164.408;172.390;174.999;174.473;180.541;183.445;186.277;180.472;187.506;187.176;197.745;199.044;198.639;218.479;221.920;225.759;237.414;243.961;261.444;265.297;262.729;266.529;270.505;275.002;276.588;289.293;290.010;300.307;290.535;313.339;312.085;312.285;209.208;168.820;180.417;203.227;236.672;386.045;384.821;375.182;376.465;377.539;388.225;391.685;391.353;398.137;399.351;421.514;414.274;422.131;404.019;415.930;403.610;410.684;404.370;405.660;408.884;383.970;364.303;404.541;432.087;439.871;445.713;585.711;615.704;623.902;621.171;628.281;603.855;615.933;604.704;613.731;614.176;619.978;625.062;628.905;643.294;647.797;652.677;653.001;676.344;687.021;681.915;681.734;667.016;671.175;680.236;690.872;708.128;712.936;700.281;668.224;638.856;621.549;640.218;641.020;658.395;699.530;696.595;695.113;661.957;675.584;686.853;693.825;688.185;692.390;688.567
81;141.757;145.636;149.966;148.858;155.608;159.062;157.970;163.265;166.517;169.290;164.134;170.954;170.474;180.653;182.306;181.845;200.866;203.286;207.663;218.213;224.493;241.177;244.278;243.136;246.145;250.817;255.876;257.937;270.458;274.348;282.007;273.459;294.606;294.236;294.896;196.976;159.330;170.390;192.354;223.797;366.700;365.593;356.681;360.038;360.156;371.203;373.188;373.425;379.492;381.614;402.464;397.960;404.928;388.688;399.414;388.920;394.943;389.424;390.724;392.579;369.538;351.572;390.529;417.238;424.855;430.613;566.031;595.134;603.192;600.685;607.650;584.120;595.906;585.126;593.951;594.483;600.431;605.680;609.745;624.019;628.722;633.776;634.415;657.431;668.137;663.482;663.622;649.594;653.955;663.072;673.738;690.866;695.861;683.810;652.763;624.326;607.663;626.163;627.197;644.457;684.990;682.366;681.162;648.901;662.494;673.781;680.851;675.536;679.882
82;125.476;126.139;128.779;134.386;132.560;139.769;142.562;141.345;146.026;150.141;152.384;148.030;153.909;154.495;163.867;165.255;165.761;182.188;184.987;189.398;198.663;205.244;220.245;224.359;222.940;226.153;231.629;236.969;238.892;253.373;255.439;263.137;255.290;275.824;275.572;276.565;184.518;149.413;160.295;181.039;210.270;346.345;344.643;338.875;341.909;341.244;352.022;353.618;353.827;360.163;362.455;382.604;380.340;386.276;371.594;383.987;372.700;379.280;374.148;373.969;376.732;355.642;338.545;376.045;401.777;409.133;414.718;545.155;573.224;581.046;578.740;585.545;562.968;574.436;564.132;572.736;573.356;579.452;584.869;589.162;603.306;608.214;613.447;614.416;637.073;647.804;643.627;644.106;630.814;635.385;644.558;655.250;672.235;677.426;666.020;636.058;608.621;592.650;610.963;612.243;629.374;669.253;666.961;666.056;634.759;648.312;659.616;666.790;661.824
83;108.736;110.452;110.373;113.854;118.517;117.449;123.921;126.111;125.123;129.871;133.942;136.098;131.654;137.603;137.113;147.030;149.220;149.241;164.217;166.595;170.516;180.028;185.166;200.264;203.725;202.863;207.179;212.481;217.841;222.030;233.889;236.623;243.489;237.475;256.405;256.172;258.056;171.700;139.222;149.708;169.304;196.153;324.146;324.746;319.602;320.431;322.133;331.868;333.170;334.443;340.365;343.000;362.859;361.042;366.713;354.625;364.516;355.072;361.787;355.308;356.200;360.051;340.145;324.046;360.069;384.839;391.999;397.480;522.663;549.707;557.321;555.222;561.850;540.290;551.409;541.612;549.973;550.680;556.916;562.496;567.016;581.002;586.114;591.524;592.832;615.084;625.824;622.149;622.980;610.470;615.254;624.474;635.180;651.995;657.385;646.667;617.876;591.517;576.289;594.387;595.926;612.905;652.059;650.119;649.532;619.282;632.782;644.096;651.374
84;93.493;94.505;94.565;96.443;98.901;104.145;102.404;108.308;110.211;110.003;113.911;118.517;119.518;115.732;121.743;121.156;131.412;132.781;133.311;146.231;148.040;152.563;160.351;166.232;180.079;183.495;184.008;188.397;192.996;200.385;202.860;214.311;216.872;224.288;218.737;236.177;236.601;238.529;158.214;128.891;138.946;156.967;181.274;303.317;303.351;298.459;298.778;301.522;310.053;312.013;313.335;319.240;322.907;342.602;339.799;347.212;334.793;344.860;336.238;341.153;336.133;338.191;342.189;323.530;308.484;342.911;366.636;373.577;378.938;498.444;524.335;531.718;529.836;536.266;515.798;526.533;517.278;525.371;526.164;532.523;538.251;542.986;556.773;562.078;567.652;569.303;591.084;601.806;598.654;599.843;588.166;593.160;602.407;613.104;629.708;635.293;625.311;597.794;572.607;558.183;576.025;577.831;594.623;632.951;631.385;631.133;602.035;615.459;626.768
85;79.579;80.025;79.596;81.330;82.781;85.392;90.055;88.004;93.482;95.648;95.027;99.149;103.261;104.110;100.776;106.291;106.673;115.778;117.111;117.660;128.516;130.809;134.087;141.801;146.882;160.040;164.248;165.025;169.170;175.466;181.244;183.909;194.111;197.532;204.174;199.308;215.670;215.941;218.272;144.731;118.362;127.808;143.864;167.244;280.925;280.915;275.907;277.008;279.288;288.990;290.535;291.346;298.659;301.098;320.484;319.781;326.018;315.133;324.822;314.805;320.644;317.305;319.485;323.518;306.087;292.063;324.686;347.198;353.818;358.962;472.297;496.937;504.062;502.405;508.615;489.318;499.630;490.954;498.749;499.627;506.073;511.915;516.838;530.363;535.832;541.542;543.522;564.743;575.401;572.781;574.322;563.521;568.705;577.944;588.590;604.920;610.682;601.481;575.349;551.437;537.880;555.402;557.477;574.027;611.391;610.216;610.310;582.485;595.794
86;63.264;66.690;66.019;67.432;68.190;70.779;72.352;76.183;74.877;80.002;81.544;81.458;84.511;89.181;89.906;86.574;92.257;92.551;100.936;102.293;102.167;111.989;113.555;116.965;123.268;128.463;141.562;145.889;146.340;151.886;156.824;162.543;164.394;174.573;177.666;183.983;180.172;194.701;195.130;197.847;131.359;107.762;116.232;132.010;152.320;257.092;256.752;253.590;253.906;256.977;265.900;267.122;268.854;276.938;278.305;298.687;296.885;303.441;293.665;301.041;292.971;299.706;296.875;299.198;303.283;287.190;274.286;305.021;326.281;332.609;337.552;444.234;467.519;474.356;472.931;478.895;460.852;470.698;462.638;470.103;471.064;477.545;483.455;488.524;501.707;507.298;513.101;515.386;535.936;546.468;544.379;546.252;536.368;541.710;550.888;561.428;577.400;583.308;574.930;550.300;527.775;515.149;532.269;534.606;550.840;587.069;586.295;586.740;560.324
87;51.377;51.951;54.073;54.899;55.675;56.866;59.355;60.422;63.753;62.998;67.317;68.768;68.237;71.497;74.270;75.918;73.965;78.393;79.369;86.882;87.445;87.914;95.759;97.781;100.325;106.000;111.834;123.828;127.884;129.852;133.996;139.059;143.642;146.543;155.174;158.169;164.276;160.949;173.522;174.813;177.545;117.700;96.525;105.444;119.397;137.660;232.541;233.033;230.165;232.182;234.321;242.111;244.444;246.674;253.398;256.887;274.093;273.610;280.364;269.011;277.228;271.299;277.754;275.380;277.778;281.841;267.101;255.321;284.008;303.895;309.881;314.598;414.140;435.963;442.479;441.291;446.980;430.272;439.604;432.197;439.296;440.335;446.778;452.685;457.834;470.572;476.219;482.047;484.589;504.326;514.642;513.062;515.226;506.283;511.727;520.766;531.114;546.614;552.612;545.084;522.077;501.051;489.417;506.019;508.592;524.405;559.275;558.896;559.681
88;38.696;41.779;41.384;44.045;44.375;45.673;46.357;48.835;49.765;52.880;51.951;56.189;57.011;56.616;58.776;61.754;63.945;61.805;65.883;66.836;73.311;74.271;74.136;81.710;83.047;85.448;91.241;96.488;107.042;111.658;112.926;117.020;121.143;126.098;128.292;135.941;139.002;144.440;141.356;153.125;154.895;157.498;103.657;86.593;94.306;106.538;123.078;207.699;208.412;207.377;209.292;210.671;219.181;220.989;222.874;231.504;231.717;249.803;249.453;253.855;244.818;253.701;248.542;254.675;252.750;255.198;259.204;245.869;235.255;261.771;280.193;285.806;290.271;382.209;402.465;408.624;407.674;413.058;397.758;406.529;399.806;406.501;407.609;413.950;419.793;424.964;437.164;442.806;448.600;451.358;470.151;480.169;479.080;481.500;473.522;479.016;487.844;497.923;512.845;518.881;512.227;490.959;471.539;460.951;476.928;479.712;495.003;528.301;528.310
89;30.617;30.646;32.733;33.169;35.101;35.656;36.807;36.895;39.484;40.582;42.660;42.546;45.658;46.714;46.270;47.668;50.889;52.693;51.053;54.359;55.261;61.489;61.968;62.624;68.638;69.948;72.434;77.556;82.125;91.938;95.550;96.872;100.334;104.668;108.663;110.697;117.457;120.218;125.023;122.784;133.477;135.112;136.754;91.239;76.353;83.131;94.239;108.630;183.495;184.486;183.823;185.650;187.502;195.756;196.651;201.031;206.565;207.754;225.023;222.346;227.770;221.118;229.403;224.994;230.755;229.256;231.715;235.617;223.716;214.288;238.503;255.374;260.584;264.769;348.694;367.287;373.054;372.336;377.384;363.554;371.716;365.701;371.957;373.120;379.276;384.974;390.088;401.635;407.192;412.872;415.781;433.477;443.092;442.453;445.068;438.058;443.526;452.049;461.754;475.965;481.960;476.186;456.758;439.037;429.537;444.752;447.700;462.339;493.811
90;18.248;23.657;23.405;26.033;25.765;27.762;27.841;28.994;28.950;31.610;32.276;34.322;33.912;36.651;36.854;37.063;38.432;41.060;42.485;41.320;43.670;45.402;49.942;50.858;51.453;56.395;58.241;60.557;64.483;69.364;77.395;81.035;81.990;85.513;89.082;92.306;94.169;100.320;102.070;107.023;105.363;114.287;114.848;118.985;78.805;66.210;72.489;81.773;94.350;160.367;161.256;160.882;162.668;165.769;170.989;175.725;176.436;182.746;184.512;198.098;196.882;202.930;197.171;204.736;200.995;206.277;205.116;207.485;211.174;200.668;192.398;214.197;229.433;234.208;238.086;313.602;330.437;335.774;335.281;339.960;327.655;335.159;329.873;335.651;336.854;342.726;348.185;353.149;363.917;369.293;374.763;377.743;394.172;403.262;403.015;405.748;399.696;405.044;413.148;422.357;435.699;441.556;436.654;419.161;403.228;394.847;409.140;412.188;426.021
91;14.970;13.731;17.603;18.121;20.074;19.873;21.361;21.217;22.451;22.406;24.702;25.626;26.858;26.703;28.133;28.838;29.513;30.332;32.544;33.427;32.554;34.705;35.864;40.059;40.545;41.476;46.089;47.779;49.217;53.466;57.411;64.304;67.146;68.673;71.426;74.117;77.140;78.842;83.672;85.590;89.909;88.544;95.171;98.100;101.095;67.095;56.287;61.840;69.889;80.555;137.166;138.234;138.499;140.881;142.623;150.249;151.548;153.553;159.579;158.712;171.942;172.415;177.895;173.006;179.818;176.720;181.495;180.647;182.899;186.340;177.232;170.099;189.419;202.970;207.286;210.832;277.730;292.747;297.621;297.336;301.617;290.856;297.663;293.106;298.374;299.597;305.105;310.246;314.980;324.868;329.979;335.157;338.135;353.162;361.626;361.713;364.492;359.370;364.513;372.101;380.709;393.053;398.683;394.625;379.120;365.023;357.765;371.002;374.087
92;10.016;11.017;9.956;13.238;13.440;15.374;14.880;16.110;16.015;17.205;16.870;19.158;19.820;20.631;20.206;21.292;22.402;22.896;23.644;25.000;25.582;25.102;26.609;27.865;31.188;31.692;33.059;36.823;38.179;39.871;43.072;46.803;52.211;55.210;56.358;58.367;60.700;63.182;64.312;68.522;70.386;73.936;72.253;79.874;81.918;84.487;56.378;47.313;52.329;59.132;68.279;114.785;116.250;117.886;118.861;123.398;126.937;129.426;131.281;134.827;135.235;147.725;148.283;153.160;149.095;155.120;152.618;156.857;156.284;158.379;161.526;153.775;147.739;164.556;176.397;180.232;183.419;241.623;254.785;259.163;259.057;262.909;253.677;259.750;255.903;260.628;261.841;266.909;271.656;276.079;284.997;289.761;294.568;297.468;310.976;318.716;319.073;321.820;317.584;322.437;329.415;337.322;348.549;353.859;350.600;337.107;324.866;318.714;330.771
93;6.678;7.158;7.762;7.292;9.664;9.968;11.516;10.850;11.954;11.927;12.870;12.600;14.458;15.206;15.310;15.123;16.070;16.806;17.376;17.930;18.608;19.053;18.585;20.049;20.995;23.886;24.455;25.709;28.901;30.108;31.488;34.156;37.332;42.047;44.200;45.260;46.921;48.824;50.604;51.726;55.031;56.645;59.060;59.218;65.177;67.118;69.757;46.398;39.173;43.327;48.812;56.255;95.067;97.495;97.752;101.147;101.889;106.428;108.788;108.837;112.791;114.090;124.711;125.287;129.519;126.188;131.391;129.399;133.066;132.695;134.594;137.407;130.939;125.931;140.286;150.428;153.765;156.568;206.225;217.531;221.379;221.406;224.796;217.028;222.334;219.149;223.297;224.458;229.017;233.303;237.341;245.222;249.562;253.924;256.668;268.572;275.504;276.054;278.688;275.272;279.748;286.032;293.145;303.153;308.051;305.521;294.012;283.599;278.507
94;4.408;4.640;4.964;5.573;5.159;7.139;7.266;8.349;7.865;8.843;8.524;9.664;8.931;10.777;10.702;11.158;11.317;11.888;12.618;12.865;13.020;13.719;13.996;14.003;14.923;15.523;18.144;18.819;19.654;22.253;23.328;24.368;26.326;29.386;33.166;34.634;35.641;36.841;38.216;39.655;40.645;43.126;43.960;47.508;47.026;51.994;53.856;56.305;37.345;31.708;35.032;38.690;45.523;77.567;79.007;81.489;81.838;84.150;87.671;88.250;89.196;93.340;94.488;103.331;103.890;107.482;104.804;109.202;107.650;110.755;110.565;112.258;114.731;109.449;105.388;117.413;125.943;128.795;131.218;172.798;182.338;185.661;185.791;188.726;182.321;186.878;184.301;187.882;188.970;193.007;196.817;200.443;207.297;211.189;215.089;217.639;227.962;234.076;234.772;237.253;234.582;238.646;244.225;250.532;259.321;263.773;261.892;252.267;243.582
95;3.303;2.915;3.168;3.506;3.831;3.693;5.002;5.052;5.924;5.563;6.264;6.203;6.978;6.417;7.084;7.750;8.136;8.184;8.617;9.093;9.159;9.789;9.992;10.588;10.301;11.086;11.793;13.834;14.290;14.934;16.838;17.596;18.445;20.143;22.584;25.547;26.562;27.497;28.152;29.245;30.762;31.288;32.681;34.340;37.143;36.820;40.778;42.144;44.537;29.562;25.117;27.394;30.334;36.518;60.819;64.945;63.835;65.561;67.778;69.403;70.691;72.142;75.556;76.552;83.767;84.295;87.286;85.193;88.840;87.671;90.270;90.214;91.686;93.810;89.595;86.378;96.241;103.266;105.657;107.710;141.797;149.683;152.499;152.702;155.197;150.035;153.873;151.844;154.879;155.874;159.372;162.686;165.868;171.710;175.123;178.535;180.846;189.618;194.902;195.680;197.957;195.935;199.545;204.401;209.884;217.454;221.415;220.083;212.211
96;1.906;2.189;1.940;2.252;2.346;2.610;2.519;3.427;3.456;4.191;3.857;4.607;4.496;5.032;4.115;4.948;5.554;5.830;5.834;5.944;6.283;6.729;7.095;7.491;7.748;7.719;8.398;8.806;10.224;10.565;11.074;12.555;12.913;13.749;14.883;16.990;19.323;19.947;20.623;21.080;21.910;23.103;22.938;24.890;25.743;28.140;28.391;31.152;32.278;34.485;22.811;19.099;20.997;23.812;27.962;48.579;49.799;49.933;51.650;52.436;54.314;55.898;57.077;59.829;60.672;66.426;66.909;69.345;67.751;70.711;69.878;72.011;72.056;73.314;75.105;71.824;69.342;77.264;82.931;84.895;86.601;113.961;120.349;122.689;122.935;125.016;120.950;124.121;122.566;125.089;125.979;128.959;131.792;134.537;139.430;142.373;145.311;147.368;154.692;159.184;160.002;162.053;160.589;163.744;167.905;172.596;179.012;182.482;181.612
97;1.300;1.204;1.407;1.341;1.483;1.646;1.648;1.655;2.263;2.402;2.899;2.631;3.307;3.217;2.829;2.660;3.499;3.899;4.170;4.014;4.054;4.366;4.476;4.831;4.959;5.131;5.596;6.199;6.218;7.349;7.616;8.063;9.132;9.340;9.887;10.680;12.509;14.419;14.562;15.192;15.377;15.906;16.472;16.925;18.040;19.065;21.248;21.253;23.191;24.021;25.935;16.868;14.139;15.897;17.721;21.781;36.319;37.652;38.011;38.806;39.840;41.656;42.966;43.932;46.131;46.857;51.369;51.826;53.796;52.648;55.015;54.450;56.166;56.279;57.333;58.813;56.327;54.466;60.687;65.158;66.737;68.123;89.594;94.655;96.559;96.823;98.521;95.397;97.962;96.804;98.859;99.635;102.126;104.503;106.828;110.848;113.339;115.822;117.618;123.619;127.369;128.185;129.998;128.993;131.703;135.207;139.151;144.494;147.482
98;900;854;768;958;890;999;1.101;1.068;1.078;1.499;1.554;1.979;1.715;2.675;1.770;1.787;1.624;2.369;2.711;2.935;2.606;2.778;2.951;3.101;3.338;3.395;3.502;3.798;4.410;4.347;5.212;5.484;5.725;6.613;6.417;6.949;7.570;9.063;10.310;10.426;10.841;10.929;10.942;11.946;11.740;13.163;13.710;15.386;15.513;17.004;17.794;18.784;12.197;10.263;11.404;13.560;15.749;26.814;27.955;27.854;28.782;29.849;31.259;32.306;33.074;34.781;35.382;38.830;39.237;40.788;39.981;41.833;41.476;42.829;42.982;43.847;45.046;43.215;41.861;46.636;50.084;51.327;52.429;68.901;72.824;74.339;74.600;75.956;73.614;75.645;74.809;76.448;77.108;79.151;81.109;83.039;86.281;88.349;90.410;91.947;96.771;99.845;100.627;102.197;101.556;103.841;106.741;110.001;114.373
99;650;620;537;541;646;610;669;707;660;718;971;1.041;1.266;1.151;1.652;1.089;1.098;995;1.470;1.626;1.656;1.760;1.868;2.005;2.049;2.196;2.215;2.567;2.586;3.056;2.898;3.636;3.809;4.116;4.613;4.202;4.768;5.233;6.384;7.275;7.249;7.532;7.327;7.713;8.189;8.203;9.311;9.566;10.832;11.227;12.211;12.435;13.340;8.773;7.165;8.560;9.637;11.363;19.541;19.911;20.151;21.034;21.843;22.908;23.721;24.316;25.608;26.091;28.663;29.010;30.204;29.660;31.079;30.874;31.920;32.090;32.786;33.738;32.429;31.474;35.059;37.660;38.617;39.475;51.831;54.807;55.987;56.229;57.290;55.578;57.153;56.568;57.849;58.396;60.039;61.623;63.194;65.761;67.446;69.126;70.415;74.221;76.697;77.419;78.751;78.384;80.276;82.637;85.286
100;1.131;1.361;1.221;1.056;1.019;1.055;1.109;1.111;1.122;992;932;1.113;1.230;1.149;1.209;1.792;1.742;1.636;1.545;1.882;2.392;2.500;2.549;2.637;2.886;3.126;3.352;3.476;3.760;3.885;4.379;4.458;5.014;5.648;6.303;7.107;7.259;3.231;3.383;4.395;4.985;4.845;4.816;4.968;5.213;5.832;5.645;6.341;6.653;7.561;7.806;8.272;8.544;9.421;5.894;5.206;5.959;6.771;7.969;13.595;13.994;14.267;14.918;15.524;16.315;16.935;17.393;18.352;18.738;20.616;20.906;21.805;21.457;22.521;22.421;23.216;23.384;23.934;24.674;23.769;23.119;25.750;27.667;28.389;29.042;38.099;40.307;41.207;41.421;42.235;41.015;42.210;41.817;42.796;43.239;44.537;45.793;47.047;49.041;50.389;51.734;52.794;55.741;57.699;58.345;59.452;59.282;60.819;62.710
101;0;0;0;0;0;0;0;0;0;0;0;0;0;0;0;0;0;0;0;0;0;0;0;0;0;0;0;0;0;0;0;0;0;0;0;0;0;1.958;2.076;2.127;2.990;3.338;3.108;3.287;3.164;3.351;3.834;3.669;4.181;4.424;5.185;5.266;5.463;5.858;6.065;4.058;3.519;4.032;4.611;5.268;9.176;9.626;9.847;10.318;10.764;11.341;11.804;12.152;12.850;13.154;14.492;14.727;15.390;15.180;15.962;15.928;16.522;16.676;17.102;17.665;17.059;16.633;18.523;19.907;20.441;20.928;27.429;29.035;29.708;29.891;30.502;29.654;30.544;30.289;31.024;31.375;32.380;33.359;34.341;35.863;36.921;37.979;38.833;41.075;42.598;43.157;44.060;44.020;45.247
102;0;0;0;0;0;0;0;0;0;0;0;0;0;0;0;0;0;0;0;0;0;0;0;0;0;0;0;0;0;0;0;0;0;0;0;0;0;1.135;1.191;1.267;1.315;1.991;2.160;2.007;2.100;2.004;2.162;2.336;2.291;2.650;2.900;3.255;3.459;3.617;3.720;4.178;2.652;2.463;2.806;3.056;3.569;6.246;6.560;6.727;7.057;7.373;7.781;8.114;8.368;8.863;9.092;10.031;10.217;10.699;10.578;11.144;11.147;11.584;11.719;12.043;12.465;12.068;11.796;13.134;14.120;14.508;14.866;19.464;20.615;21.111;21.261;21.714;21.133;21.786;21.626;22.170;22.443;23.209;23.960;24.718;25.864;26.681;27.501;28.177;29.862;31.029;31.500;32.224;32.261
103;0;0;0;0;0;0;0;0;0;0;0;0;0;0;0;0;0;0;0;0;0;0;0;0;0;0;0;0;0;0;0;0;0;0;0;0;0;650;663;745;761;740;1.319;1.405;1.229;1.332;1.191;1.286;1.490;1.404;1.762;1.774;2.148;2.150;2.224;2.436;2.592;1.731;1.658;1.892;2.065;2.403;4.175;4.394;4.522;4.754;4.978;5.268;5.507;5.694;6.042;6.211;6.862;7.005;7.351;7.286;7.691;7.712;8.029;8.141;8.384;8.695;8.441;8.273;9.208;9.901;10.180;10.438;13.651;14.465;14.825;14.945;15.276;14.885;15.357;15.260;15.658;15.866;16.442;17.010;17.586;18.439;19.061;19.688;20.214;21.466;22.349;22.736;23.307
104;0;0;0;0;0;0;0;0;0;0;0;0;0;0;0;0;0;0;0;0;0;0;0;0;0;0;0;0;0;0;0;0;0;0;0;0;0;370;385;394;434;429;399;922;847;780;852;780;774;901;903;966;1.047;1.413;1.284;1.461;1.507;1.614;1.176;1.065;1.249;1.385;1.613;2.775;2.928;3.025;3.186;3.344;3.548;3.719;3.853;4.096;4.219;4.666;4.775;5.020;4.989;5.276;5.303;5.531;5.621;5.801;6.029;5.868;5.766;6.415;6.898;7.097;7.281;9.508;10.079;10.338;10.431;10.670;10.409;10.748;10.690;10.978;11.134;11.563;11.987;12.421;13.050;13.518;13.992;14.397;15.318;15.981;16.292
105;0;0;0;0;0;0;0;0;0;0;0;0;0;0;0;0;0;0;0;0;0;0;0;0;0;0;0;0;0;0;0;0;0;0;0;0;0;410;463;516;546;602;591;593;1.022;1.127;1.256;1.398;1.299;1.281;1.341;1.354;1.370;1.626;1.857;2.044;2.284;2.431;2.678;2.621;2.401;2.219;2.216;2.378;3.246;3.910;4.399;4.820;5.200;5.584;5.955;6.295;6.683;7.028;7.563;8.003;8.468;8.766;9.170;9.474;9.846;10.172;10.534;10.949;11.139;11.220;11.733;12.422;13.029;13.572;15.466;17.137;18.440;19.379;20.176;20.533;21.010;21.301;21.705;22.099;22.688;23.417;24.257;25.311;26.410;27.548;28.662;30.129;31.665
Total;46.422.000;47.573.406;48.059.029;48.561.800;48.953.792;49.373.537;49.723.072;50.107.735;50.528.219;51.016.234;51.485.953;51.915.873;52.320.725;52.600.000;52.798.338;53.019.005;53.271.566;53.481.073;53.731.387;54.028.630;54.335.000;54.649.984;54.894.854;55.157.303;55.411.238;55.681.780;55.966.142;56.269.810;56.577.000;58.280.135;58.571.237;58.852.002;59.070.077;59.280.577;59.487.413;59.691.177;59.899.347;60.122.665;60.508.150;60.941.410;61.385.070;61.824.030;62.251.062;62.730.537;63.186.117;63.600.690;63.961.859;64.304.500;64.612.939;64.933.400;65.241.241;65.564.756;66.130.873;66.422.469;66.602.645;66.774.482;66.992.159;67.144.101;67.287.241;67.407.241;67.515.287;67.659.288;67.811.952;67.955.359;68.090.024;68.216.633;68.335.817;68.448.098;68.553.816;68.653.068;68.745.799;68.831.838;68.910.949;68.982.832;69.047.147;69.103.584;69.152.003;69.192.381;69.224.895;69.249.939;69.267.919;69.279.315;69.284.640;69.284.377;69.278.857;69.268.288;69.252.693;69.232.081;69.206.324;69.175.307;69.138.929;69.097.237;69.049.702;68.996.742;68.938.961;68.877.085;68.811.995;68.744.691;68.676.183;68.607.499;68.539.594;68.473.340;68.409.540;68.348.827;68.291.755;68.238.680;68.189.731;68.144.844;68.103.696
;;;;;;;;;;;;;;;;;;;;;;;;;;;;;;;;;;;;;;;;;;;;;;;;;;;;;;;;;;;;;;;;;;;;;;;;;;;;;;;;;;;;;;;;;;;;;;;;;;;;;;;;;;;;;
Note : Données provisoires de 2019 à 2021.;;;;;;;;;;;;;;;;;;;;;;;;;;;;;;;;;;;;;;;;;;;;;;;;;;;;;;;;;;;;;;;;;;;;;;;;;;;;;;;;;;;;;;;;;;;;;;;;;;;;;;;;;;;;;
Champ :;;;;;;;;;;;;;;;;;;;;;;;;;;;;;;;;;;;;;;;;;;;;;;;;;;;;;;;;;;;;;;;;;;;;;;;;;;;;;;;;;;;;;;;;;;;;;;;;;;;;;;;;;;;;;
France métropolitaine jusqu'en 1990, ;;;;;;;;;;;;;;;;;;;;;;;;;;;;;;;;;;;;;;;;;;;;;;;;;;;;;;;;;;;;;;;;;;;;;;;;;;;;;;;;;;;;;;;;;;;;;;;;;;;;;;;;;;;;;
France hors Mayotte de 1991 à 2013,;;;;;;;;;;;;;;;;;;;;;;;;;;;;;;;;;;;;;;;;;;;;;;;;;;;;;;;;;;;;;;;;;;;;;;;;;;;;;;;;;;;;;;;;;;;;;;;;;;;;;;;;;;;;;
France à partir de 2014.;;;;;;;;;;;;;;;;;;;;;;;;;;;;;;;;;;;;;;;;;;;;;;;;;;;;;;;;;;;;;;;;;;;;;;;;;;;;;;;;;;;;;;;;;;;;;;;;;;;;;;;;;;;;;
Source : Insee, estimations de population jusqu'en 2021 et projections de population 2021-2070 à partir de 2022.;;;;;;;;;;;;;;;;;;;;;;;;;;;;;;;;;;;;;;;;;;;;;;;;;;;;;;;;;;;;;;;;;;;;;;;;;;;;;;;;;;;;;;;;;;;;;;;;;;;;;;;;;;;;;
